configurationID,H264,no_8x8dct,no_asm,no_cabac,no_deblock,no_fast_pskip,no_mbtree,no_mixed_refs,no_weightb,rc_lookahead,ref,size,usertime,systemtime,elapsedtime,memorytime
1,true,true,true,false,true,true,false,true,true,20,9,3068,324.12,21.08,50.00,0
10,true,true,true,true,false,true,false,false,true,40,9,3488,380.22,23.77,60.42,0
100,true,true,true,false,true,false,true,true,false,40,1,4192,195.20,27.69,35.52,0
1000,true,true,true,true,false,true,true,true,false,40,9,4732,420.48,25.30,63.12,0
1001,true,false,true,false,true,false,false,true,false,60,5,3104,279.28,26.73,46.75,0
1002,true,false,true,true,false,true,false,false,false,60,5,3520,314.50,25.26,52.06,0
1003,true,false,true,false,true,false,false,true,false,60,1,3120,189.83,27.62,36.52,0
1004,true,false,true,true,false,true,false,false,false,60,1,3532,187.75,27.29,36.19,0
1005,true,true,true,false,true,true,false,false,true,60,1,3116,180.22,27.26,35.47,0
1006,true,true,true,false,true,true,false,false,true,60,9,3076,441.61,25.53,69.45,0
1007,true,true,true,false,true,true,false,false,true,60,5,3080,310.66,25.52,50.99,0
1008,true,false,true,false,true,false,false,true,false,60,9,3104,376.11,25.24,58.39,0
1009,true,false,true,true,true,false,false,false,true,20,1,3564,188.05,27.32,35.53,0
101,true,false,true,false,false,false,true,false,false,40,5,4140,324.69,25.03,53.14,0
1010,true,false,true,true,false,true,false,false,false,60,9,3512,448.70,25.39,70.99,0
1011,true,true,true,true,true,true,false,false,false,20,1,3516,177.71,27.40,34.42,0
1012,true,false,true,true,true,true,true,false,false,60,5,4804,341.37,25.44,55.41,0
1013,true,false,true,true,true,true,true,true,false,40,1,4836,217.62,27.94,38.29,0
1014,true,false,true,true,true,true,true,false,false,60,1,4836,221.33,27.28,38.36,0
1015,true,true,true,true,true,true,false,false,false,20,9,3476,438.65,25.27,67.89,0
1016,true,true,true,true,true,true,false,false,false,20,5,3484,303.62,26.12,49.74,0
1017,true,true,true,true,false,false,false,true,false,60,1,3484,171.00,26.97,34.65,0
1018,true,false,true,true,true,true,true,true,false,40,9,4820,429.45,24.60,64.04,0
1019,true,true,true,true,false,true,true,true,false,60,1,4748,201.05,27.96,36.60,0
102,true,true,true,true,false,true,true,false,false,40,1,4748,197.55,28.23,36.15,0
1020,true,false,true,true,true,true,true,true,false,40,5,4824,308.20,25.42,48.89,0
1021,true,false,true,true,true,true,true,false,false,60,9,4792,481.63,25.32,74.85,0
1022,true,true,true,true,false,true,true,true,false,60,5,4740,297.35,25.38,47.33,0
1023,true,false,true,true,false,true,false,true,false,60,1,3532,187.79,27.14,36.26,0
1024,true,true,true,true,false,true,true,true,false,60,9,4732,412.36,24.95,61.76,0
1025,true,false,true,true,false,false,true,false,true,20,9,4800,450.25,25.20,71.22,0
1026,true,true,true,false,true,true,false,true,false,60,1,3092,175.60,27.16,35.35,0
1027,true,false,true,true,false,false,true,false,true,20,1,4840,214.02,28.39,37.96,0
1028,true,false,true,true,false,false,true,false,true,20,5,4808,321.35,25.12,52.71,0
1029,true,true,true,false,true,true,false,true,false,60,9,3072,399.33,24.51,61.13,0
103,true,true,true,false,true,false,true,true,false,40,5,4164,283.66,25.16,45.88,0
1030,true,false,true,false,true,false,false,false,true,20,9,3084,419.60,25.02,66.42,0
1031,true,true,true,true,false,false,false,true,false,60,5,3468,256.07,26.76,43.60,0
1032,true,true,true,true,true,true,false,true,true,40,9,3556,402.97,24.87,61.06,0
1033,true,false,true,false,true,false,false,false,true,20,5,3088,298.67,25.38,49.50,0
1034,true,true,true,false,true,true,false,true,false,60,5,3072,277.03,26.18,45.84,0
1035,true,true,true,true,false,false,false,true,false,60,9,3460,359.08,24.75,56.42,0
1036,true,false,true,false,true,false,false,false,true,20,1,3116,190.32,27.50,36.03,0
1037,true,false,true,true,false,true,false,true,false,60,9,3532,405.14,24.50,61.93,0
1038,true,true,true,true,true,true,false,false,true,60,5,3540,296.74,26.24,49.54,0
1039,true,true,true,true,true,true,false,true,true,40,1,3568,168.11,26.77,34.21,0
104,true,false,true,false,false,false,true,false,false,40,1,4164,212.46,28.29,37.93,0
1040,true,false,true,true,false,true,false,true,false,60,5,3540,281.63,25.75,46.65,0
1041,true,true,true,true,true,true,false,false,true,60,9,3532,438.47,25.32,68.15,0
1042,true,true,true,true,true,true,false,true,true,40,5,3560,278.28,25.74,45.12,0
1043,true,false,true,true,true,true,true,false,false,40,5,4804,333.47,25.08,54.19,0
1044,true,false,true,true,true,true,true,true,false,20,1,4836,214.35,27.56,37.73,0
1045,true,true,true,true,true,true,false,false,false,40,1,3540,170.22,26.41,34.04,0
1046,true,false,true,true,true,true,true,false,false,40,1,4836,214.93,27.97,37.95,0
1047,true,true,true,false,false,true,false,false,true,20,9,3004,437.82,25.14,67.43,0
1048,true,true,true,true,true,true,false,false,false,40,9,3500,432.65,25.13,67.77,0
1049,true,true,true,true,true,true,false,true,false,20,5,3504,273.66,26.26,44.61,0
105,true,true,true,true,false,true,true,false,false,40,5,4708,316.46,25.24,51.53,0
1050,true,true,true,false,false,true,false,false,true,20,5,3008,300.90,25.48,49.12,0
1051,true,true,true,true,true,true,false,true,false,20,1,3516,171.28,26.58,33.61,0
1052,true,true,true,true,true,true,false,false,false,40,5,3512,296.76,25.79,49.20,0
1053,true,true,true,false,false,true,false,false,true,20,1,3036,176.57,27.30,34.40,0
1054,true,false,true,true,false,false,true,false,true,40,1,4840,209.95,28.42,37.67,0
1055,true,false,true,true,true,true,true,true,false,20,9,4820,422.30,24.54,63.62,0
1056,true,false,true,true,true,true,true,false,false,40,9,4792,472.69,25.22,73.81,0
1057,true,false,true,true,true,true,true,true,false,20,5,4824,306.00,25.15,48.46,0
1058,true,false,true,true,false,false,true,true,true,20,9,4824,399.01,24.11,60.86,0
1059,true,false,true,true,false,false,true,false,true,40,5,4808,318.68,25.21,52.33,0
106,true,true,true,false,true,false,true,true,false,40,9,4164,383.54,24.76,58.88,0
1060,true,false,true,true,false,false,true,true,true,20,1,4840,210.68,27.47,37.41,0
1061,true,true,true,false,true,true,false,true,false,40,1,3088,175.16,27.06,34.58,0
1062,true,true,true,false,true,true,false,false,false,60,5,3056,298.47,25.80,49.86,0
1063,true,false,true,true,false,false,true,false,true,40,9,4800,444.94,25.26,70.99,0
1064,true,false,true,true,false,false,true,true,true,20,5,4832,293.85,25.22,47.02,0
1065,true,true,true,false,true,true,false,false,false,60,1,3092,179.26,27.35,36.07,0
1066,true,true,true,true,true,true,false,true,true,60,9,3556,399.87,24.14,60.53,0
1067,true,true,true,false,true,true,false,true,false,40,9,3068,400.67,24.22,60.73,0
1068,true,true,true,false,true,true,false,true,false,40,5,3068,276.60,25.82,45.33,0
1069,true,true,true,true,true,true,false,true,false,20,9,3496,394.69,23.84,59.31,0
107,true,false,true,false,false,false,false,true,false,20,1,3056,187.77,27.01,35.47,0
1070,true,true,true,false,true,true,false,false,false,60,9,3056,437.26,25.20,68.63,0
1071,true,true,true,true,true,true,false,true,true,60,1,3572,170.83,26.90,34.46,0
1072,true,true,true,true,true,true,false,true,true,60,5,3564,273.17,26.69,45.19,0
1073,true,false,true,true,true,true,true,false,false,20,1,4836,216.61,27.98,38.07,0
1074,true,false,true,false,true,false,false,true,true,20,9,3096,368.12,24.94,56.52,0
1075,true,true,true,true,false,false,false,false,false,40,1,3480,164.94,26.76,33.76,0
1076,true,false,true,false,true,true,true,false,false,60,9,4184,470.82,25.06,73.77,0
1077,true,false,true,true,false,false,true,true,false,60,9,4768,398.13,24.57,61.03,0
1078,true,false,true,false,true,true,true,true,false,40,5,4196,306.85,25.02,48.43,0
1079,true,false,true,false,true,true,true,true,false,40,9,4196,422.18,25.00,63.39,0
108,true,true,true,true,false,true,true,false,false,40,9,4696,452.47,25.10,70.40,0
1080,true,false,true,true,false,false,true,false,true,60,1,4840,211.45,27.79,37.64,0
1081,true,false,true,true,true,true,true,false,false,20,9,4792,468.50,25.09,73.64,0
1082,true,false,true,false,true,true,true,false,false,60,1,4212,218.05,27.61,38.04,0
1083,true,false,true,true,false,false,true,true,false,60,1,4784,209.50,27.89,37.23,0
1084,true,false,true,true,true,true,true,false,false,20,5,4804,329.45,24.97,53.61,0
1085,true,false,true,true,false,false,true,true,false,60,5,4772,289.71,24.99,46.71,0
1086,true,false,true,false,true,true,true,false,false,60,5,4184,333.80,25.35,54.53,0
1087,true,false,true,false,true,true,true,true,false,40,1,4212,218.29,27.44,38.07,0
1088,true,true,true,false,true,false,true,false,true,20,1,4232,197.69,27.87,36.26,0
1089,true,false,true,true,false,false,true,true,true,40,9,4824,392.02,25.20,59.88,0
109,true,false,true,false,true,false,false,false,false,60,9,3096,415.10,24.71,66.29,0
1090,true,true,true,false,true,false,true,false,true,20,5,4188,308.30,24.99,50.34,0
1091,true,true,true,true,false,false,false,true,true,60,9,3488,356.37,24.82,55.55,0
1092,true,true,true,false,true,false,true,false,true,20,9,4184,434.81,25.08,68.21,0
1093,true,false,true,true,false,false,true,false,true,60,5,4808,316.97,25.18,52.09,0
1094,true,false,true,true,false,false,true,true,true,40,1,4840,209.76,27.77,37.38,0
1095,true,false,true,true,false,false,true,false,true,60,9,4800,442.30,24.95,69.58,0
1096,true,false,true,true,false,false,true,true,true,40,5,4832,294.36,25.39,47.25,0
1097,true,true,true,true,false,false,false,false,false,40,5,3444,277.68,25.16,46.68,0
1098,true,true,true,true,true,true,false,false,true,20,9,3500,433.72,24.88,67.01,0
1099,true,true,true,true,false,false,false,true,false,20,1,3452,168.78,26.43,33.32,0
11,true,false,true,true,true,true,true,false,true,40,1,4892,212.72,27.24,37.43,0
110,true,false,true,false,false,false,false,true,false,20,5,3044,264.78,26.26,43.77,0
1100,true,false,true,false,true,false,false,true,true,40,9,3124,369.56,24.32,56.96,0
1101,true,false,true,false,true,false,false,false,true,60,9,3112,418.97,24.91,66.62,0
1102,true,true,true,true,false,false,false,false,false,40,9,3436,397.64,24.17,63.12,0
1103,true,false,true,false,true,false,false,true,true,40,5,3124,269.74,25.71,44.30,0
1104,true,true,true,true,false,false,false,true,false,20,5,3440,252.18,27.10,42.59,0
1105,true,false,true,false,true,false,false,false,true,60,5,3120,294.43,25.38,49.32,0
1106,true,true,true,true,false,false,false,true,true,60,5,3496,252.70,26.65,42.95,0
1107,true,true,true,true,true,true,false,false,true,20,1,3540,170.79,26.49,33.58,0
1108,true,false,true,false,true,false,false,true,true,40,1,3140,185.78,27.41,35.63,0
1109,true,true,true,true,false,false,false,true,false,20,9,3436,358.42,23.90,55.30,0
111,true,false,true,false,false,true,true,false,false,20,1,4180,216.16,27.76,37.93,0
1110,true,false,true,false,true,false,false,false,true,60,1,3140,185.17,27.10,35.93,0
1111,true,true,true,true,false,false,false,true,true,60,1,3512,163.86,27.11,34.02,0
1112,true,true,true,true,true,true,false,false,true,20,5,3512,296.73,25.32,48.37,0
1113,true,true,true,true,true,true,false,false,true,60,1,3572,170.54,26.17,34.17,0
1114,true,true,true,true,false,false,false,false,false,60,1,3484,165.30,26.65,34.02,0
1115,true,true,true,true,false,false,false,false,false,60,5,3448,276.78,25.73,46.93,0
1116,true,true,true,true,false,false,false,true,false,40,1,3480,163.46,26.77,33.87,0
1117,true,false,true,true,false,false,true,false,false,60,9,4740,444.14,24.76,70.56,0
1118,true,false,true,true,false,false,true,true,false,40,5,4772,292.64,25.20,46.87,0
1119,true,false,true,false,true,true,true,true,false,60,9,4196,420.12,24.92,63.03,0
112,true,false,true,false,true,false,false,false,false,60,5,3096,291.64,25.24,49.69,0
1120,true,false,true,true,true,true,true,false,true,20,5,4864,332.92,25.31,53.77,0
1121,true,false,true,true,false,false,true,true,false,40,9,4768,396.84,24.22,60.48,0
1122,true,false,true,true,false,false,true,true,true,60,1,4840,210.49,27.92,37.39,0
1123,true,false,true,true,true,true,true,false,true,20,1,4892,211.78,27.67,37.50,0
1124,true,false,true,false,true,true,true,true,false,60,1,4212,215.10,27.70,37.79,0
1125,true,false,true,true,false,false,true,false,false,60,1,4784,207.97,27.75,37.22,0
1126,true,false,true,false,true,true,true,true,false,60,5,4196,306.40,25.23,48.50,0
1127,true,false,true,true,false,false,true,false,false,60,5,4748,314.91,25.10,51.81,0
1128,true,false,true,true,false,false,true,true,false,40,1,4784,209.70,27.27,37.20,0
1129,true,true,true,false,true,false,true,false,true,60,1,4232,198.64,27.92,36.29,0
113,true,false,true,false,false,false,false,true,false,20,9,3040,366.85,24.73,56.57,0
1130,true,true,true,false,true,false,true,false,true,40,1,4232,202.60,27.20,36.36,0
1131,true,true,true,false,true,false,true,true,true,20,1,4232,205.11,27.69,37.20,0
1132,true,true,true,false,true,false,true,false,true,40,5,4188,304.64,24.85,50.27,0
1133,true,false,true,true,false,false,true,true,true,60,5,4832,289.63,24.97,46.60,0
1134,true,true,true,false,true,false,true,true,true,20,5,4208,280.75,25.33,45.44,0
1135,true,true,true,false,true,false,true,false,true,40,9,4184,434.17,24.78,68.34,0
1136,true,false,true,true,false,false,true,true,true,60,9,4824,392.54,24.96,59.87,0
1137,true,false,true,true,true,true,true,false,true,20,9,4852,468.02,25.21,73.11,0
1138,true,true,true,false,true,false,true,true,true,20,9,4208,386.37,24.74,59.06,0
1139,true,true,true,true,true,true,false,false,true,40,9,3528,431.32,24.97,66.94,0
114,true,false,true,false,false,true,true,false,false,20,5,4144,333.36,25.06,53.96,0
1140,true,true,true,true,false,false,false,false,false,60,9,3436,400.55,24.35,63.58,0
1141,true,true,true,true,false,false,false,true,false,40,5,3464,249.74,27.02,42.65,0
1142,true,false,true,false,true,false,false,true,true,20,5,3096,266.21,26.68,43.84,0
1143,true,true,true,true,true,true,false,true,true,20,5,3532,270.99,26.24,44.10,0
1144,true,false,true,false,true,false,false,false,true,40,9,3108,416.16,25.04,66.25,0
1145,true,false,true,false,true,false,false,true,true,20,1,3116,190.21,27.30,35.54,0
1146,true,true,true,true,false,false,false,true,false,40,9,3460,357.54,24.26,55.71,0
1147,true,true,true,true,true,true,false,true,true,20,9,3528,397.46,24.18,59.70,0
1148,true,false,true,false,true,false,false,false,true,40,5,3112,299.48,25.30,49.85,0
1149,true,true,true,true,true,true,false,false,true,40,1,3568,171.53,27.08,34.28,0
115,true,false,true,false,false,true,false,false,true,60,9,3100,455.15,25.25,71.58,0
1150,true,false,true,false,true,false,false,false,true,40,1,3140,192.10,27.27,36.20,0
1151,true,true,true,true,true,true,false,false,true,40,5,3540,302.80,25.62,49.72,0
1152,true,true,true,true,true,true,false,true,true,20,1,3540,174.31,26.88,33.96,0
116,true,false,true,false,true,false,false,false,false,60,1,3120,191.52,27.51,36.35,0
117,true,false,true,false,false,true,true,false,false,20,9,4144,474.27,25.22,74.22,0
118,true,false,true,false,false,true,false,false,true,60,5,3100,319.10,25.53,52.63,0
119,true,true,true,false,true,true,true,true,false,20,9,4172,415.45,25.15,62.54,0
12,true,true,true,false,true,false,false,true,true,40,5,3076,259.66,26.70,43.63,0
120,true,false,true,false,false,true,false,false,true,60,1,3120,191.56,27.02,36.40,0
121,true,true,true,false,false,true,true,true,true,40,5,4172,297.68,25.59,47.35,0
122,true,true,true,false,false,true,true,true,true,40,9,4168,419.49,24.21,62.67,0
123,true,true,true,false,true,true,true,true,false,20,1,4200,205.59,27.90,37.02,0
124,true,true,true,false,true,true,false,true,true,60,5,3092,278.90,25.99,45.74,0
125,true,true,true,false,true,true,true,true,false,20,5,4176,298.10,25.89,47.55,0
126,true,true,true,false,true,true,false,true,true,60,1,3116,186.56,27.65,36.63,0
127,true,true,true,false,true,true,false,true,true,40,9,3088,403.16,24.43,60.55,0
128,true,false,true,false,false,false,true,false,false,60,9,4136,452.75,25.13,71.41,0
129,true,false,true,false,false,true,true,false,true,20,1,4216,218.18,27.91,38.34,0
13,true,true,true,true,false,true,false,false,true,40,5,3496,296.79,25.98,49.19,0
130,true,false,true,true,true,true,false,true,false,40,9,3572,408.85,25.07,61.79,0
131,true,true,true,true,false,true,true,false,false,60,1,4748,200.68,27.84,36.42,0
132,true,false,true,false,false,true,true,false,true,20,5,4188,334.78,25.23,54.56,0
133,true,true,true,false,true,false,true,true,false,60,1,4192,204.96,27.92,36.80,0
134,true,false,true,true,true,true,false,true,false,40,5,3576,287.62,25.65,46.78,0
135,true,true,true,true,false,true,true,false,false,60,5,4708,319.69,25.13,51.95,0
136,true,false,true,false,false,true,true,false,true,20,9,4188,478.15,25.35,74.69,0
137,true,true,true,false,true,false,true,true,false,60,5,4164,284.58,25.72,46.17,0
138,true,false,true,false,false,false,true,false,false,60,5,4140,322.20,25.01,52.76,0
139,true,true,true,true,false,true,true,false,false,60,9,4696,451.80,25.16,70.40,0
14,true,false,true,false,true,true,false,false,false,20,9,3080,452.09,25.41,70.95,0
140,true,true,true,false,true,false,true,true,false,60,9,4164,386.65,24.57,59.21,0
141,true,false,true,false,false,false,false,true,false,40,1,3080,184.67,27.45,35.59,0
142,true,false,true,false,false,false,true,false,false,60,1,4164,215.32,27.89,38.04,0
143,true,false,true,false,false,false,false,true,false,40,5,3064,264.84,26.53,44.33,0
144,true,false,true,true,true,false,true,false,true,20,9,4840,450.63,25.01,70.81,0
145,true,false,true,false,false,true,false,false,true,40,9,3096,452.43,25.31,70.77,0
146,true,false,true,false,false,false,false,true,false,40,9,3068,372.59,24.72,57.81,0
147,true,false,true,true,true,false,true,false,true,20,5,4848,325.64,25.02,53.08,0
148,true,true,true,true,false,false,false,false,true,20,9,3436,398.15,24.80,62.68,0
149,true,false,true,false,false,true,false,false,true,40,5,3096,313.59,25.42,51.54,0
15,true,false,true,false,false,false,false,true,false,60,1,3084,189.10,27.49,36.38,0
150,true,false,true,true,true,true,false,true,false,60,5,3580,287.64,25.70,46.93,0
151,true,false,true,false,false,true,false,false,true,40,1,3116,187.34,27.50,36.04,0
152,true,true,true,false,true,true,true,false,true,60,9,4192,460.09,25.32,71.34,0
153,true,false,true,true,true,true,false,true,false,60,1,3580,184.21,27.51,36.16,0
154,true,true,true,false,true,true,true,false,true,60,5,4196,322.08,25.00,52.21,0
155,true,true,true,false,false,true,true,true,true,20,1,4184,204.77,27.64,36.69,0
156,true,true,true,false,true,true,true,false,true,60,1,4240,206.71,27.44,36.66,0
157,true,true,true,false,false,true,true,true,true,20,5,4172,295.20,25.27,46.82,0
158,true,true,true,false,true,true,false,true,true,40,5,3092,286.18,26.21,46.79,0
159,true,true,true,false,false,true,true,true,true,20,9,4168,418.18,24.94,62.32,0
16,true,true,true,false,true,false,false,true,true,40,1,3104,174.33,26.96,34.61,0
160,true,false,true,true,true,false,true,false,true,20,1,4880,210.65,27.89,37.61,0
161,true,true,true,true,false,false,false,false,true,20,5,3444,280.39,26.07,46.73,0
162,true,true,true,false,true,true,false,true,true,40,1,3112,177.29,26.79,34.79,0
163,true,true,true,true,false,false,false,false,true,20,1,3480,166.57,26.69,33.33,0
164,true,false,true,false,false,false,true,false,true,60,5,4184,321.94,24.97,52.67,0
165,true,true,true,true,false,true,false,true,false,40,5,3488,274.97,26.40,44.86,0
166,true,true,true,true,false,true,false,false,false,60,9,3460,432.44,24.98,68.03,0
167,true,false,true,true,true,false,false,true,false,40,9,3552,372.87,24.29,57.81,0
168,true,false,true,false,false,false,true,false,true,60,9,4176,448.16,25.06,70.89,0
169,true,true,true,true,false,true,false,false,false,60,5,3468,294.97,25.65,49.34,0
17,true,true,true,true,false,true,false,false,true,40,1,3520,167.30,27.04,34.09,0
170,true,true,true,true,false,true,false,true,false,40,1,3492,167.36,26.44,33.88,0
171,true,false,true,true,true,false,false,true,false,40,5,3556,264.65,26.38,44.08,0
172,true,true,true,true,false,true,false,false,false,60,1,3496,167.04,26.87,34.37,0
173,true,false,true,true,true,false,false,true,false,40,1,3564,181.67,26.92,35.29,0
174,true,false,true,false,false,false,true,false,true,60,1,4204,218.10,27.79,38.09,0
175,true,false,true,false,false,true,true,false,true,40,1,4216,219.51,27.90,38.18,0
176,true,false,true,false,false,true,true,false,true,40,5,4188,334.57,25.41,54.48,0
177,true,false,true,false,false,true,true,false,true,40,9,4188,477.43,25.49,74.29,0
178,true,true,true,true,false,true,false,true,false,40,9,3480,394.98,24.85,60.18,0
179,true,false,true,false,false,false,false,false,true,40,1,3104,187.20,27.04,35.71,0
18,true,false,true,false,true,true,false,false,false,20,5,3084,315.40,25.59,51.34,0
180,true,false,true,false,false,false,false,true,true,20,1,3076,185.83,27.29,35.32,0
181,true,false,true,false,false,false,false,false,true,40,5,3076,294.34,25.32,48.99,0
182,true,true,true,true,true,false,false,false,false,20,9,3456,398.21,24.90,63.14,0
183,true,false,true,false,false,false,false,true,true,20,5,3064,268.71,25.74,43.98,0
184,true,false,true,false,false,false,false,false,true,40,9,3072,414.65,24.89,65.74,0
185,true,false,true,false,false,true,true,false,true,60,1,4216,219.98,28.04,38.49,0
186,true,true,true,true,true,false,false,false,false,20,5,3464,278.73,25.22,46.70,0
187,true,false,true,false,false,false,false,true,true,20,9,3060,369.38,25.07,56.76,0
188,true,false,true,true,true,false,true,true,false,60,5,4812,294.85,25.34,47.11,0
189,true,true,true,true,true,false,false,false,false,20,1,3500,167.70,26.77,33.42,0
19,true,false,true,false,false,false,false,true,false,60,5,3068,265.68,26.37,44.85,0
190,true,false,true,true,true,false,true,true,false,60,1,4832,211.44,27.80,37.54,0
191,true,false,true,true,true,false,true,true,false,60,9,4808,395.31,24.96,60.43,0
192,true,false,true,false,false,false,true,false,false,20,9,4136,450.62,24.97,71.81,0
193,true,false,true,true,true,false,false,true,false,20,9,3524,368.07,24.82,56.81,0
194,true,true,true,true,false,true,false,true,false,20,5,3460,273.74,26.11,44.49,0
195,true,true,true,true,false,true,false,false,false,40,9,3460,430.26,25.17,67.37,0
196,true,true,true,true,true,false,true,true,true,60,9,4820,385.90,24.54,59.12,0
197,true,false,true,false,false,false,true,false,false,20,5,4140,320.61,25.19,52.78,0
198,true,false,true,true,true,false,false,true,false,20,5,3528,266.87,26.69,44.19,0
199,true,true,true,true,false,true,false,true,false,20,1,3464,167.97,26.81,33.61,0
2,true,true,true,false,true,true,false,true,true,20,5,3068,278.64,26.18,44.92,0
20,true,false,true,true,true,false,true,false,true,40,9,4840,451.98,24.98,71.15,0
200,true,true,true,true,false,true,false,false,false,40,5,3464,294.92,25.90,49.08,0
201,true,false,true,true,true,false,false,true,false,20,1,3536,185.29,27.41,35.16,0
202,true,true,true,true,false,true,false,false,false,40,1,3492,165.75,26.91,33.87,0
203,true,false,true,false,false,true,true,false,true,60,5,4188,335.43,25.00,54.46,0
204,true,false,true,false,false,true,true,false,true,60,9,4188,476.13,25.50,74.32,0
205,true,true,true,true,true,false,true,true,true,60,5,4824,283.28,25.54,45.63,0
206,true,false,true,false,false,false,true,false,false,20,1,4164,216.41,27.92,38.05,0
207,true,true,true,true,true,false,true,true,true,60,1,4840,197.52,27.57,35.81,0
208,true,true,true,true,false,true,false,true,false,20,9,3456,393.64,24.67,59.36,0
209,true,false,true,false,false,false,false,false,true,60,1,3104,187.19,26.98,36.08,0
21,true,true,true,false,true,false,true,false,true,60,5,4188,314.51,25.48,52.84,0
210,true,false,true,false,false,false,false,true,true,40,1,3104,197.95,28.62,38.87,0
211,true,false,true,false,false,false,false,false,true,60,5,3080,308.95,25.84,53.48,0
212,true,true,true,true,true,false,false,false,false,40,9,3480,417.41,25.39,69.16,0
213,true,false,true,false,false,false,false,true,true,40,5,3088,281.53,27.38,48.77,0
214,true,false,true,false,false,false,false,false,true,60,9,3076,436.23,25.64,72.29,0
215,true,true,true,true,true,false,false,false,false,40,5,3488,296.82,26.18,51.52,0
216,true,false,true,false,false,false,false,true,true,40,9,3088,386.40,25.13,62.55,0
217,true,true,true,true,true,false,false,false,false,40,1,3528,181.73,28.04,36.78,0
218,true,false,true,false,false,false,true,false,true,20,1,4204,228.16,28.87,41.49,0
219,true,true,true,false,false,true,true,true,false,60,1,4148,213.17,29.26,39.62,0
22,true,false,true,false,false,true,true,false,false,60,1,4180,229.38,29.02,41.69,0
220,true,true,true,true,false,true,false,false,false,20,5,3444,311.32,25.98,52.96,0
221,true,false,true,true,true,false,false,true,true,60,1,3596,197.74,28.34,38.79,0
222,true,true,true,false,false,true,true,true,false,60,5,4128,311.34,25.77,51.47,0
223,true,false,true,false,false,false,true,false,true,20,5,4184,344.10,25.71,58.09,0
224,true,true,true,true,false,true,false,false,false,20,1,3464,189.31,28.65,37.72,0
225,true,true,true,false,false,true,true,true,false,60,9,4128,430.27,25.21,67.68,0
226,true,false,true,true,false,true,true,true,true,20,1,4848,227.37,28.75,41.29,0
227,true,false,true,true,false,true,true,true,true,20,9,4840,445.11,25.74,69.73,0
228,true,false,true,true,false,true,true,true,true,20,5,4848,324.21,25.84,53.20,0
229,true,true,true,true,false,true,false,false,false,20,9,3436,455.87,25.69,72.98,0
23,true,false,true,false,true,false,false,false,false,20,5,3064,314.53,26.22,54.11,0
230,true,true,true,false,false,false,true,true,true,40,5,4164,293.36,25.94,49.84,0
231,true,true,true,false,false,false,true,true,true,40,9,4164,402.50,25.00,64.41,0
232,true,true,true,false,false,false,true,true,true,40,1,4184,212.33,29.36,39.75,0
233,true,true,true,true,true,false,false,false,false,60,9,3484,420.57,25.43,69.66,0
234,true,false,true,true,true,false,true,true,false,20,1,4832,224.61,29.51,41.31,0
235,true,false,true,true,true,false,true,false,false,40,5,4788,341.95,25.83,58.41,0
236,true,true,true,true,true,false,false,false,false,60,5,3492,298.53,26.13,52.25,0
237,true,false,true,true,true,false,true,false,false,40,1,4832,227.05,28.85,41.02,0
238,true,true,true,false,false,false,false,false,false,20,1,3004,186.42,28.26,37.27,0
239,true,true,true,true,true,false,false,false,false,60,1,3532,182.47,28.41,37.75,0
24,true,false,true,false,false,false,false,true,false,60,9,3072,386.00,25.37,63.32,0
240,true,false,true,true,true,false,true,true,false,20,9,4808,410.78,25.14,66.28,0
241,true,true,true,false,false,false,false,false,false,20,5,2972,297.62,25.97,51.18,0
242,true,false,true,true,true,false,false,true,true,60,9,3584,386.95,24.59,63.14,0
243,true,false,true,true,true,false,true,false,false,40,9,4780,471.75,25.62,77.47,0
244,true,false,true,true,true,false,true,true,false,20,5,4812,306.57,25.78,51.53,0
245,true,true,true,false,false,false,false,false,false,20,9,2968,422.29,25.40,69.19,0
246,true,false,true,true,true,false,false,true,true,60,5,3588,279.32,27.74,48.91,0
247,true,false,true,false,false,false,true,false,true,40,5,4184,340.06,25.61,57.75,0
248,true,false,true,true,true,false,false,true,false,60,9,3552,382.36,25.54,62.79,0
249,true,false,true,false,false,false,true,false,true,40,9,4176,475.25,25.55,77.76,0
25,true,false,true,true,true,false,true,false,true,40,5,4848,340.37,25.29,57.33,0
250,true,false,true,true,true,false,false,true,false,60,5,3560,273.41,26.74,46.42,0
251,true,false,true,true,true,false,true,false,false,60,1,4832,218.87,28.32,38.94,0
252,true,false,true,false,false,false,true,false,true,40,1,4204,220.69,28.24,39.00,0
253,true,false,true,true,true,false,false,true,false,60,1,3564,191.41,28.38,37.35,0
254,true,true,true,true,false,true,false,false,true,20,9,3460,444.44,25.59,69.31,0
255,true,true,true,true,false,true,false,false,true,20,5,3468,308.28,25.87,50.14,0
256,true,true,true,true,false,true,false,false,true,20,1,3492,174.73,27.18,34.60,0
257,true,true,true,true,false,true,true,false,true,20,1,4796,200.13,28.25,36.73,0
258,true,true,true,false,false,false,true,true,true,20,5,4164,285.30,26.31,46.51,0
259,true,true,true,false,false,false,true,true,true,20,9,4164,388.76,24.92,60.32,0
26,true,true,true,true,false,false,false,false,true,40,9,3460,401.76,25.09,63.85,0
260,true,true,true,true,false,true,true,false,true,20,9,4756,462.83,25.39,71.91,0
261,true,false,true,false,false,false,false,false,true,20,1,3076,189.98,27.61,35.91,0
262,true,true,true,false,false,false,true,true,true,20,1,4184,203.18,27.83,36.78,0
263,true,true,true,true,false,true,true,false,true,20,5,4768,318.86,25.22,52.21,0
264,true,false,true,false,false,false,false,false,true,20,5,3056,297.50,25.33,49.47,0
265,true,false,true,false,false,true,false,true,false,60,5,3088,289.12,26.63,47.80,0
266,true,false,true,true,true,false,true,false,false,60,9,4780,450.25,25.12,71.27,0
267,true,false,true,true,true,false,true,true,false,40,5,4812,294.16,25.16,47.59,0
268,true,false,true,false,false,false,false,false,true,20,9,3052,417.99,25.03,66.59,0
269,true,false,true,false,false,true,false,true,false,60,9,3088,412.08,25.09,63.67,0
27,true,true,true,false,true,false,true,false,true,60,9,4184,456.02,25.43,74.88,0
270,true,false,true,true,true,false,true,true,false,40,1,4832,223.59,29.44,41.17,0
271,true,false,true,true,true,false,true,false,false,60,5,4788,335.22,25.48,57.13,0
272,true,false,true,false,false,false,true,false,true,20,9,4176,471.46,25.48,76.95,0
273,true,false,true,false,false,true,false,true,false,60,1,3100,205.99,28.76,40.14,0
274,true,false,true,true,true,false,true,true,false,40,9,4808,408.75,25.22,65.99,0
275,true,true,true,false,true,false,false,false,true,60,1,3104,187.43,28.55,38.00,0
276,true,false,true,true,false,false,false,true,true,60,9,3536,386.36,24.60,62.92,0
277,true,false,true,false,true,false,true,false,false,40,9,4168,471.34,25.52,77.43,0
278,true,true,true,false,false,true,true,true,false,20,1,4148,216.00,28.30,39.67,0
279,true,false,true,true,false,false,false,true,true,60,5,3544,279.29,26.90,48.99,0
28,true,false,true,false,false,true,true,false,false,60,5,4144,349.19,25.66,59.11,0
280,true,true,true,false,false,true,true,true,false,20,5,4128,310.45,25.73,51.48,0
281,true,false,true,true,true,true,false,false,true,20,9,3548,476.85,25.71,76.30,0
282,true,true,true,true,false,false,true,false,true,60,9,4740,455.96,25.67,74.45,0
283,true,true,true,false,false,true,true,true,false,20,9,4128,433.10,25.80,68.84,0
284,true,false,true,true,true,true,false,false,true,20,1,3580,202.27,28.04,38.57,0
285,true,true,true,true,false,true,false,true,true,20,9,3484,412.61,25.55,65.05,0
286,true,false,true,true,true,true,false,false,true,20,5,3560,331.85,25.85,55.77,0
287,true,true,true,true,false,true,false,true,true,20,5,3488,288.49,26.64,48.52,0
288,true,false,true,true,false,false,false,false,false,20,1,3488,196.52,28.23,37.85,0
289,true,true,true,false,true,false,false,false,true,60,9,3060,421.83,25.65,69.82,0
29,true,false,true,false,true,false,false,false,false,20,1,3092,201.71,29.07,38.70,0
290,true,true,true,true,false,true,false,true,true,20,1,3492,183.71,28.30,36.64,0
291,true,false,true,true,false,false,false,true,true,60,1,3548,196.51,28.49,38.66,0
292,true,false,true,true,false,false,false,false,false,20,5,3464,309.83,25.88,52.72,0
293,true,true,true,false,true,false,false,false,true,60,5,3064,299.28,26.04,52.29,0
294,true,false,true,true,false,false,false,false,false,20,9,3456,433.83,25.57,71.01,0
295,true,false,true,true,true,false,true,true,true,20,5,4872,305.54,25.65,51.40,0
296,true,true,true,true,true,false,false,false,true,20,5,3488,295.78,25.97,51.06,0
297,true,false,true,false,true,true,false,false,true,60,9,3132,479.74,25.90,78.00,0
298,true,false,true,true,true,false,true,true,true,20,1,4880,220.15,27.60,39.08,0
299,true,true,true,false,false,false,true,true,false,40,9,4120,388.04,25.28,60.23,0
3,true,false,true,true,false,true,true,true,true,60,5,4848,314.46,25.54,49.98,0
30,true,false,true,false,false,true,true,false,false,60,9,4144,484.63,25.51,75.79,0
300,true,true,true,true,true,false,false,false,true,20,1,3524,177.55,27.20,34.58,0
301,true,false,true,false,true,true,false,false,true,60,5,3136,322.80,25.53,53.44,0
302,true,true,true,false,true,true,true,true,true,20,9,4216,421.41,25.21,63.13,0
303,true,false,true,true,true,false,true,true,true,20,9,4864,411.47,25.34,65.72,0
304,true,true,true,false,true,true,true,true,true,20,5,4220,318.22,26.10,54.29,0
305,true,false,true,false,false,true,false,false,false,60,9,3076,492.95,26.03,82.47,0
306,true,true,true,false,true,true,true,true,true,20,1,4240,225.97,30.34,42.64,0
307,true,false,true,false,true,false,true,false,false,60,1,4200,235.08,29.54,43.73,0
308,true,false,true,false,true,false,true,false,false,60,5,4172,345.41,25.58,58.66,0
309,true,false,true,false,false,true,false,false,false,60,1,3100,193.14,27.93,36.97,0
31,true,true,true,false,true,true,true,false,true,40,9,4192,464.54,25.31,72.58,0
310,true,true,true,false,false,false,true,true,false,40,5,4120,286.48,25.79,46.50,0
311,true,false,true,false,false,true,false,false,false,60,5,3076,319.18,25.88,53.09,0
312,true,false,true,false,true,false,true,false,false,60,9,4168,478.01,25.65,79.24,0
313,true,true,true,false,false,false,true,true,false,40,1,4144,217.21,28.82,39.92,0
314,true,false,true,true,false,false,false,true,true,40,5,3540,280.18,27.11,48.63,0
315,true,false,true,false,true,false,true,false,false,20,9,4168,477.92,25.59,78.51,0
316,true,true,true,false,false,true,true,true,false,40,1,4148,218.39,29.27,40.40,0
317,true,false,true,true,false,true,true,false,true,60,1,4848,225.49,29.24,41.34,0
318,true,false,true,true,false,false,false,true,true,40,1,3544,196.22,28.61,38.40,0
319,true,true,true,false,false,true,true,true,false,40,5,4128,313.04,25.76,52.07,0
32,true,false,true,false,false,true,false,true,false,40,5,3084,309.26,25.97,53.16,0
320,true,false,true,false,true,false,true,true,true,60,1,4248,232.53,28.88,41.96,0
321,true,true,true,true,false,false,true,false,true,40,9,4740,452.26,25.49,74.38,0
322,true,true,true,false,false,true,true,true,false,40,9,4128,432.05,25.04,68.28,0
323,true,false,true,false,true,false,true,true,true,60,5,4232,308.67,25.73,52.22,0
324,true,false,true,true,false,true,true,false,true,60,9,4816,506.36,25.81,81.17,0
325,true,false,true,true,false,false,false,true,true,40,9,3536,385.41,25.18,63.10,0
326,true,false,true,false,true,false,true,true,true,60,9,4232,409.88,25.18,65.89,0
327,true,false,true,true,false,true,true,false,true,60,5,4820,352.32,25.63,59.20,0
328,true,true,true,true,false,true,false,true,true,40,9,3512,413.07,25.66,65.57,0
329,true,false,true,false,true,true,false,true,false,20,1,3104,204.06,28.23,38.95,0
33,true,true,true,false,true,true,true,false,true,40,5,4196,342.43,25.86,57.29,0
330,true,true,true,true,false,true,false,true,true,40,5,3520,290.26,27.11,49.23,0
331,true,true,true,true,false,true,false,true,true,40,1,3520,183.57,28.52,37.21,0
332,true,false,true,false,true,true,false,true,false,20,9,3092,427.71,25.13,67.51,0
333,true,false,true,false,true,true,false,true,false,20,5,3096,303.62,25.94,50.79,0
334,true,false,true,true,true,false,true,true,true,40,9,4864,412.13,25.28,66.03,0
335,true,true,true,false,false,false,true,true,false,20,9,4120,399.72,24.48,64.36,0
336,true,false,true,false,false,true,false,true,true,60,9,3116,427.36,25.59,68.32,0
337,true,false,true,true,true,false,true,true,true,40,5,4872,306.42,25.64,51.32,0
338,true,false,true,false,false,true,false,true,true,60,5,3112,304.86,26.06,51.28,0
339,true,false,true,false,false,true,false,true,true,60,1,3120,202.86,29.31,39.81,0
34,true,false,true,false,false,true,false,true,false,40,9,3084,424.22,25.77,67.68,0
340,true,true,true,true,false,false,true,false,true,60,1,4788,210.21,29.41,39.26,0
341,true,false,true,true,true,false,true,false,false,20,5,4788,338.98,25.60,58.71,0
342,true,false,true,false,false,true,false,false,false,40,5,3076,335.07,26.11,57.56,0
343,true,true,true,true,false,false,true,false,true,60,5,4752,320.60,25.82,54.75,0
344,true,false,true,false,false,true,false,false,false,40,9,3076,474.82,26.01,77.17,0
345,true,false,true,true,true,false,true,false,false,20,1,4832,225.70,28.98,41.21,0
346,true,true,true,false,false,false,true,true,false,20,5,4120,292.77,25.72,49.41,0
347,true,false,true,true,true,false,true,true,true,40,1,4880,224.03,29.32,41.28,0
348,true,false,true,false,true,false,true,false,false,40,1,4200,227.46,28.46,41.06,0
349,true,true,true,false,false,false,true,true,false,20,1,4144,212.10,28.88,39.36,0
35,true,true,true,false,true,true,true,false,true,40,1,4240,215.15,29.01,40.05,0
350,true,false,true,true,true,false,true,false,false,20,9,4780,470.77,25.28,76.76,0
351,true,false,true,false,true,false,true,false,false,40,5,4172,339.84,25.42,57.68,0
352,true,false,true,false,false,true,false,false,false,40,1,3096,203.57,28.80,39.52,0
353,true,false,true,true,false,true,true,true,false,40,5,4788,321.42,25.17,52.39,0
354,true,false,true,true,false,false,false,true,true,20,5,3512,279.96,27.18,48.00,0
355,true,false,true,true,false,true,true,true,false,40,9,4784,439.52,25.53,69.31,0
356,true,true,true,false,true,true,true,false,false,40,1,4200,217.53,28.51,39.94,0
357,true,false,true,true,false,false,false,true,true,20,1,3516,197.95,28.52,37.93,0
358,true,true,true,false,false,true,true,false,true,60,1,4184,214.48,29.19,39.94,0
359,true,true,true,true,false,false,true,false,true,20,5,4752,320.04,25.11,54.19,0
36,true,false,true,true,true,false,false,true,true,20,9,3552,385.12,24.34,61.99,0
360,true,true,true,false,false,true,true,false,true,60,5,4148,339.49,25.76,57.02,0
361,true,false,true,true,false,false,false,true,true,20,9,3508,381.51,25.42,62.06,0
362,true,true,true,true,false,false,true,false,true,20,9,4740,452.22,25.42,73.80,0
363,true,true,true,true,false,true,false,true,true,60,9,3516,413.68,25.43,66.25,0
364,true,false,true,false,true,true,false,false,true,40,1,3156,205.82,28.54,39.16,0
365,true,true,true,true,false,true,false,true,true,60,5,3524,289.17,26.72,49.34,0
366,true,false,true,false,false,false,false,false,false,40,1,3080,199.58,28.67,39.12,0
367,true,true,true,true,false,true,false,true,true,60,1,3520,182.25,28.11,37.35,0
368,true,false,true,false,false,false,false,false,false,40,5,3056,310.60,26.10,53.87,0
369,true,true,true,true,true,true,true,true,false,40,5,4784,306.31,25.69,51.00,0
37,true,false,true,true,true,false,true,false,true,40,1,4880,225.98,28.56,40.40,0
370,true,true,true,true,true,false,false,false,true,60,9,3508,432.55,25.21,74.38,0
371,true,false,true,false,true,true,false,false,true,20,5,3108,345.81,25.91,60.36,0
372,true,false,true,false,false,false,false,false,false,40,9,3056,452.96,25.40,79.41,0
373,true,false,true,false,false,false,false,true,true,60,1,3104,209.70,28.46,41.44,0
374,true,true,true,true,true,true,true,true,false,40,1,4800,217.87,28.61,40.72,0
375,true,false,true,false,false,true,false,true,true,40,9,3108,435.00,25.74,72.42,0
376,true,true,true,true,true,false,false,false,true,60,5,3520,299.07,26.73,53.37,0
377,true,false,true,false,true,true,false,false,true,20,1,3128,203.27,28.34,38.97,0
378,true,false,true,false,false,false,false,true,true,60,5,3092,276.83,27.28,48.48,0
379,true,false,true,false,false,true,false,true,true,40,5,3108,300.91,25.83,50.85,0
38,true,true,true,true,false,false,false,false,true,40,5,3472,288.60,26.55,50.32,0
380,true,true,true,true,true,false,false,false,true,60,1,3560,176.21,28.12,37.09,0
381,true,false,true,false,false,false,false,true,true,60,9,3088,382.86,26.23,62.72,0
382,true,false,true,false,false,true,false,true,true,40,1,3116,198.95,28.72,39.35,0
383,true,true,true,false,true,true,true,true,true,60,9,4216,428.57,25.85,67.69,0
384,true,false,true,false,true,true,false,false,true,20,9,3104,473.87,26.10,77.09,0
385,true,true,true,false,false,true,true,false,true,60,9,4148,485.93,26.04,79.46,0
386,true,true,true,true,false,false,true,false,true,40,1,4788,212.51,28.45,39.37,0
387,true,false,true,false,false,true,false,false,false,20,5,3048,334.80,24.92,56.62,0
388,true,true,true,false,true,true,true,true,true,60,5,4220,314.30,26.03,52.86,0
389,true,true,true,true,false,false,true,false,true,40,5,4752,327.74,25.62,56.25,0
39,true,true,true,false,true,true,false,true,true,20,1,3084,196.66,28.28,37.90,0
390,true,false,true,false,false,true,false,false,false,20,9,3048,479.01,25.84,78.73,0
391,true,true,true,false,true,true,true,true,true,60,1,4240,221.09,28.63,40.52,0
392,true,true,true,false,true,true,true,false,false,40,5,4152,339.44,25.71,57.26,0
393,true,false,true,false,false,true,false,false,false,20,1,3072,204.67,28.52,39.38,0
394,true,true,true,true,true,true,true,true,false,40,9,4772,435.86,26.47,72.36,0
395,true,true,true,false,true,true,true,false,false,40,9,4148,484.44,25.99,78.39,0
396,true,false,true,true,false,true,true,true,false,60,1,4796,226.13,28.58,41.27,0
397,true,false,true,true,false,true,true,true,false,20,1,4796,224.75,28.73,40.87,0
398,true,true,true,true,false,true,false,true,false,60,9,3484,408.28,24.85,65.33,0
399,true,false,true,true,false,true,true,true,false,20,5,4788,314.68,25.46,49.99,0
4,true,false,true,true,false,true,true,true,true,60,1,4848,219.27,28.23,38.69,0
40,true,false,true,true,true,false,false,true,true,20,5,3556,270.59,26.47,44.91,0
400,true,true,true,true,false,true,false,true,false,60,5,3488,280.20,26.24,46.64,0
401,true,true,true,true,false,true,false,true,false,60,1,3496,175.16,27.69,35.53,0
402,true,false,true,true,false,true,true,true,false,20,9,4784,434.64,25.01,66.68,0
403,true,true,true,false,false,true,true,false,true,40,1,4184,208.33,28.20,37.61,0
404,true,false,true,true,true,true,false,false,false,60,9,3552,451.80,25.12,71.73,0
405,true,false,true,false,false,false,false,false,false,60,1,3084,190.27,27.69,36.97,0
406,true,false,true,false,true,true,false,false,true,60,1,3160,194.63,27.26,36.84,0
407,true,false,true,false,false,false,false,false,false,60,5,3056,298.55,25.28,50.28,0
408,true,true,true,true,true,false,false,false,true,20,9,3480,404.03,24.89,63.81,0
409,true,false,true,false,false,true,false,true,true,20,9,3088,417.55,24.82,62.62,0
41,true,false,true,false,false,true,false,true,false,40,1,3096,193.26,27.51,36.70,0
410,true,true,true,true,true,false,false,false,true,40,9,3508,404.16,24.99,64.00,0
411,true,false,true,false,true,true,false,false,true,40,9,3128,463.17,25.48,72.87,0
412,true,false,true,false,false,false,false,false,false,60,9,3056,420.07,25.31,67.71,0
413,true,true,true,true,true,true,true,true,false,60,9,4772,426.01,25.25,66.36,0
414,true,false,true,false,false,true,false,true,true,20,5,3084,303.53,26.04,50.67,0
415,true,true,true,true,true,false,false,false,true,40,5,3520,296.07,26.31,51.51,0
416,true,false,true,false,true,true,false,false,true,40,5,3132,338.08,26.11,57.20,0
417,true,true,true,true,true,true,true,true,false,60,5,4784,310.25,25.81,51.70,0
418,true,false,true,false,false,true,false,true,true,20,1,3092,206.69,28.73,39.47,0
419,true,true,true,false,true,true,true,true,true,40,9,4216,434.28,25.47,68.05,0
42,true,true,true,true,false,false,false,false,true,40,1,3508,183.12,28.12,37.06,0
420,true,true,true,true,true,false,false,false,true,40,1,3556,181.34,28.28,36.94,0
421,true,true,true,true,true,true,true,true,false,60,1,4800,211.00,28.14,38.64,0
422,true,true,true,false,true,true,true,true,true,40,5,4220,312.95,25.63,51.53,0
423,true,true,true,false,false,false,true,true,false,60,1,4144,215.66,29.01,40.19,0
424,true,true,true,false,true,true,true,true,true,40,1,4240,215.47,29.28,40.26,0
425,true,true,true,false,false,true,true,false,true,40,5,4148,339.90,25.45,56.77,0
426,true,true,true,false,true,true,true,false,false,20,9,4148,486.56,25.90,78.29,0
427,true,true,true,false,false,true,true,false,true,40,9,4148,490.36,25.97,78.17,0
428,true,true,true,true,false,false,true,false,true,20,1,4788,212.27,28.87,39.46,0
429,true,true,true,false,false,false,true,true,false,60,9,4120,401.88,24.85,64.73,0
43,true,false,true,false,true,false,false,false,false,20,9,3064,440.18,25.62,72.14,0
430,true,true,true,false,true,true,true,false,false,20,1,4200,217.50,29.24,40.17,0
431,true,true,true,false,false,false,true,true,false,60,5,4120,295.04,25.62,49.90,0
432,true,false,true,true,false,true,true,true,false,40,1,4796,226.36,29.48,41.59,0
433,true,true,true,false,true,true,true,false,false,20,5,4152,345.38,25.85,58.14,0
434,true,true,true,false,true,false,false,true,false,60,9,3060,376.94,25.19,61.97,0
435,true,false,true,false,true,false,true,false,true,20,1,4248,231.55,28.99,42.02,0
436,true,true,true,false,true,true,true,true,false,60,1,4200,216.54,29.18,40.06,0
437,true,true,true,false,true,false,false,true,false,60,1,3084,190.28,28.25,38.31,0
438,true,false,true,false,true,false,true,false,true,20,5,4216,341.62,25.63,58.04,0
439,true,true,true,false,true,false,false,true,false,60,5,3060,271.75,27.39,48.05,0
44,true,false,true,true,true,false,false,true,true,20,1,3564,199.99,28.60,38.62,0
440,true,false,true,false,true,false,true,false,true,20,9,4212,478.67,25.91,78.47,0
441,true,true,true,false,false,true,true,false,true,20,1,4184,218.26,29.03,40.32,0
442,true,false,true,true,true,true,false,true,false,20,9,3544,427.91,24.63,67.56,0
443,true,false,true,true,true,true,false,true,false,20,5,3552,305.77,26.08,51.14,0
444,true,false,true,true,true,true,false,false,false,40,9,3548,477.09,25.88,77.20,0
445,true,false,true,true,true,true,false,false,false,60,1,3580,202.01,28.77,39.58,0
446,true,true,true,true,true,true,true,false,false,20,5,4748,340.12,25.51,56.64,0
447,true,false,true,true,true,true,false,false,false,60,5,3564,334.64,26.28,57.32,0
448,true,true,true,true,true,true,true,false,false,20,1,4800,212.83,29.63,40.09,0
449,true,true,true,true,false,false,true,true,false,60,1,4744,209.36,29.14,39.28,0
45,true,false,true,true,true,false,false,true,true,40,1,3592,199.99,28.35,38.91,0
450,true,false,true,false,false,true,false,false,true,20,9,3068,480.05,25.99,77.26,0
451,true,false,true,false,false,true,false,false,true,20,5,3072,335.46,26.13,56.61,0
452,true,false,true,true,true,true,false,true,false,40,1,3580,202.24,28.64,39.48,0
453,true,false,true,false,false,true,false,false,true,20,1,3092,209.31,28.15,39.21,0
454,true,true,true,false,false,true,true,false,true,20,5,4148,345.27,25.98,57.53,0
455,true,true,true,false,false,true,true,false,true,20,9,4148,489.40,25.95,78.56,0
456,true,true,true,false,true,true,true,true,false,60,5,4176,313.72,25.98,52.16,0
457,true,true,true,true,false,false,true,true,false,60,5,4724,294.05,25.96,49.79,0
458,true,true,true,true,true,true,true,false,false,20,9,4740,486.78,25.92,78.14,0
459,true,true,true,false,true,true,true,true,false,60,9,4172,437.19,25.54,68.53,0
46,true,true,true,false,true,false,false,true,true,60,1,3104,190.47,28.74,38.45,0
460,true,true,true,true,false,false,true,true,false,60,9,4720,400.48,25.49,64.58,0
461,true,true,true,false,true,false,false,true,false,40,5,3056,272.76,27.70,47.90,0
462,true,false,true,true,false,true,true,true,false,60,5,4788,322.56,26.24,53.49,0
463,true,true,true,false,true,false,false,false,false,60,9,3040,431.23,25.56,72.50,0
464,true,true,true,false,true,false,false,true,false,40,9,3056,379.25,25.18,61.87,0
465,true,true,true,false,true,true,true,false,false,60,1,4200,219.93,28.93,40.46,0
466,true,false,true,true,false,true,true,true,false,60,9,4784,446.27,25.76,70.26,0
467,true,true,true,false,true,false,false,false,false,60,5,3044,304.70,26.02,53.26,0
468,true,true,true,false,true,false,false,false,false,60,1,3084,189.70,28.46,38.64,0
469,true,true,true,false,true,false,false,true,false,40,1,3084,190.61,28.67,38.30,0
47,true,false,true,true,false,true,true,true,true,40,5,4848,325.70,25.78,53.47,0
470,true,false,true,true,false,false,false,true,false,60,1,3524,196.28,29.01,39.44,0
471,true,false,true,true,true,true,false,true,true,60,5,3608,306.55,26.13,51.87,0
472,true,false,true,true,false,false,false,true,false,60,5,3512,283.83,27.07,49.45,0
473,true,false,true,true,true,true,false,true,true,60,9,3604,429.16,25.76,68.47,0
474,true,false,true,true,true,true,false,false,false,20,5,3528,333.99,25.91,56.45,0
475,true,false,true,true,false,false,false,true,false,60,9,3508,393.33,23.85,64.12,0
476,true,false,true,true,true,true,false,false,false,20,9,3524,477.05,26.11,77.00,0
477,true,false,true,true,true,true,false,true,true,60,1,3608,203.66,28.94,39.96,0
478,true,false,true,true,true,true,false,false,false,40,1,3580,202.36,28.91,39.62,0
479,true,true,true,true,true,true,true,false,false,40,9,4740,486.53,26.03,78.01,0
48,true,true,true,false,false,true,true,true,true,60,1,4184,220.47,28.99,40.54,0
480,true,true,true,true,true,true,true,true,false,20,5,4784,310.49,25.73,51.56,0
481,true,false,true,true,true,true,false,false,false,40,5,3556,336.02,25.93,56.80,0
482,true,true,true,true,true,true,true,true,false,20,1,4800,215.56,29.25,40.11,0
483,true,true,true,true,true,true,true,false,false,40,5,4748,342.20,25.79,57.21,0
484,true,false,true,true,true,true,false,true,false,20,1,3548,203.65,28.90,38.96,0
485,true,true,true,true,true,true,true,false,false,40,1,4800,214.19,29.20,39.77,0
486,true,true,true,false,true,true,true,true,false,40,9,4172,437.24,25.56,68.79,0
487,true,true,true,true,true,true,true,true,true,60,9,4828,439.03,25.80,68.30,0
488,true,true,true,true,true,true,true,true,true,60,5,4836,313.53,26.17,51.91,0
489,true,true,true,false,true,true,true,false,false,60,5,4152,346.87,26.18,57.84,0
49,true,false,true,true,false,true,true,true,true,40,1,4848,231.49,28.71,41.18,0
490,true,true,true,false,true,true,true,true,false,40,1,4200,220.27,29.11,40.44,0
491,true,true,true,true,true,true,true,true,true,60,1,4844,213.06,29.43,39.97,0
492,true,true,true,false,true,true,true,false,false,60,9,4148,487.91,25.97,79.03,0
493,true,true,true,false,true,true,true,true,false,40,5,4176,315.05,26.11,52.41,0
494,true,true,true,true,true,true,true,true,false,20,9,4772,437.62,25.67,69.71,0
495,true,false,true,false,true,false,true,false,true,60,1,4248,234.26,29.08,42.27,0
496,true,true,true,false,true,false,false,true,false,20,5,3032,272.97,27.88,47.33,0
497,true,false,true,false,true,false,true,true,true,40,1,4248,235.04,28.55,42.08,0
498,true,false,true,false,true,false,true,false,true,60,5,4216,345.52,25.54,58.64,0
499,true,true,true,false,true,false,false,true,false,20,9,3028,381.51,25.08,61.97,0
5,true,false,true,true,true,true,true,false,true,40,9,4852,506.33,26.25,81.41,0
50,true,false,true,false,true,true,false,false,false,40,5,3108,339.22,25.95,57.45,0
500,true,true,true,false,true,false,false,false,false,40,9,3036,426.92,26.07,70.75,0
501,true,false,true,false,true,false,true,false,true,60,9,4212,483.67,25.79,78.84,0
502,true,false,true,false,true,false,true,true,true,40,5,4232,313.28,25.44,52.41,0
503,true,false,true,true,true,true,false,true,true,40,9,3604,431.11,25.68,68.75,0
504,true,true,true,false,true,false,false,false,false,40,5,3040,304.56,25.92,52.66,0
505,true,false,true,false,true,false,true,true,true,40,9,4232,419.45,25.50,67.41,0
506,true,true,true,false,true,false,false,true,false,20,1,3056,191.77,28.68,37.95,0
507,true,true,true,false,true,false,false,false,false,40,1,3084,192.62,28.68,38.48,0
508,true,false,true,true,true,true,false,false,true,60,5,3588,335.34,25.93,57.05,0
509,true,false,true,false,true,true,false,true,false,40,1,3132,211.22,28.62,40.21,0
51,true,false,true,true,true,true,true,false,true,60,9,4852,510.94,26.06,82.06,0
510,true,false,true,true,true,true,false,true,true,40,1,3604,205.32,28.81,39.55,0
511,true,false,true,false,true,true,false,false,false,60,5,3112,336.48,25.81,57.94,0
512,true,false,true,true,false,false,false,false,false,60,1,3524,198.86,28.78,39.73,0
513,true,true,true,false,true,false,false,false,true,20,9,3036,432.62,25.63,70.86,0
514,true,false,true,true,true,true,false,true,true,40,5,3608,309.80,26.24,51.74,0
515,true,false,true,true,true,true,false,false,true,60,9,3584,483.53,26.14,79.10,0
516,true,false,true,false,true,true,false,false,false,60,1,3136,206.48,29.22,40.80,0
517,true,false,true,true,false,false,false,true,false,40,1,3520,198.92,28.97,39.49,0
518,true,false,true,true,false,false,false,false,false,60,5,3496,310.60,25.91,54.29,0
519,true,true,true,false,true,false,false,false,true,20,5,3036,304.66,26.00,52.38,0
52,true,false,true,false,true,true,false,false,false,40,1,3132,206.06,29.09,40.21,0
520,true,false,true,false,true,true,false,true,false,40,9,3120,433.04,25.57,68.75,0
521,true,false,true,true,false,false,false,true,false,40,5,3512,286.31,26.96,49.40,0
522,true,false,true,true,false,false,false,false,false,60,9,3488,439.76,26.05,73.82,0
523,true,true,true,false,true,false,false,false,true,20,1,3072,194.02,28.82,38.25,0
524,true,false,true,true,true,true,false,false,true,60,1,3608,204.11,28.79,39.97,0
525,true,false,true,false,true,true,false,true,false,40,5,3124,307.65,26.06,51.93,0
526,true,false,true,false,true,true,false,false,false,60,9,3108,485.18,25.86,79.78,0
527,true,false,true,true,false,false,false,true,false,40,9,3504,391.39,25.82,63.53,0
528,true,false,true,true,true,true,false,false,false,20,1,3548,203.73,28.93,39.42,0
529,true,true,true,true,false,false,true,false,false,40,1,4744,212.23,29.61,39.77,0
53,true,false,true,true,true,true,true,false,true,60,5,4864,360.22,25.74,60.10,0
530,true,true,true,true,false,false,true,true,false,20,9,4720,404.67,25.67,65.51,0
531,true,true,true,true,true,true,true,true,true,40,9,4828,438.62,25.89,69.19,0
532,true,true,true,true,true,true,true,true,true,40,5,4836,315.18,26.13,52.15,0
533,true,true,true,true,true,true,true,false,true,60,9,4800,493.76,26.10,79.16,0
534,true,false,true,false,true,false,true,false,false,20,1,4200,235.44,28.94,42.55,0
535,true,true,true,true,true,true,true,true,true,40,1,4844,213.44,29.65,40.15,0
536,true,true,true,true,true,true,true,false,true,60,5,4808,342.45,26.21,57.73,0
537,true,true,true,true,false,false,true,true,false,20,1,4744,213.36,29.38,40.04,0
538,true,true,true,true,false,false,true,false,false,40,5,4696,323.86,25.62,55.40,0
539,true,false,true,false,true,false,true,false,false,20,5,4172,346.79,25.96,59.00,0
54,true,true,true,true,false,true,false,false,true,60,9,3492,465.51,25.92,75.99,0
540,true,true,true,true,false,false,true,true,false,20,5,4724,297.41,26.24,50.29,0
541,true,true,true,true,true,true,true,false,true,60,1,4844,214.80,28.93,39.92,0
542,true,true,true,true,false,false,true,false,false,40,9,4688,458.34,25.42,75.07,0
543,true,true,true,false,true,false,false,false,false,20,9,3016,439.41,25.17,71.67,0
544,true,true,true,false,true,false,false,false,true,40,1,3104,191.95,28.99,38.90,0
545,true,true,true,false,true,false,false,false,false,20,5,3016,303.77,26.09,52.50,0
546,true,false,true,false,true,false,true,false,true,40,1,4248,235.74,28.81,42.60,0
547,true,true,true,true,false,false,true,true,true,60,9,4776,409.65,25.26,65.74,0
548,true,true,true,false,true,false,false,false,false,20,1,3056,194.03,28.77,38.41,0
549,true,false,true,false,true,false,true,true,true,20,1,4248,237.26,28.94,42.77,0
55,true,false,true,true,false,true,true,true,true,40,9,4840,454.22,26.07,71.23,0
550,true,false,true,false,true,false,true,false,true,40,5,4216,351.22,25.86,59.50,0
551,true,false,true,true,true,true,false,true,true,20,9,3572,440.29,25.85,70.52,0
552,true,false,true,false,true,false,true,false,true,40,9,4212,487.91,25.88,79.45,0
553,true,false,true,false,true,false,true,true,true,20,5,4232,314.00,25.99,52.65,0
554,true,false,true,true,false,false,false,false,false,40,1,3520,202.59,28.72,39.43,0
555,true,false,true,false,true,false,true,true,true,20,9,4232,425.60,25.46,68.25,0
556,true,false,true,false,true,true,false,true,false,60,5,3124,310.11,27.36,52.97,0
557,true,false,true,true,true,true,false,false,true,40,5,3584,340.78,26.46,57.24,0
558,true,false,true,true,true,true,false,true,true,20,1,3580,208.58,28.91,39.56,0
559,true,false,true,true,false,false,false,false,false,40,5,3492,315.45,25.98,54.46,0
56,true,true,true,true,false,true,true,false,false,20,1,4748,217.36,28.99,40.06,0
560,true,false,true,true,false,false,false,true,false,20,1,3488,205.34,28.16,39.01,0
561,true,true,true,false,true,false,false,true,true,20,9,3052,387.09,25.29,62.38,0
562,true,false,true,true,true,true,false,true,true,20,5,3580,312.20,25.99,51.82,0
563,true,false,true,false,true,true,false,true,false,60,1,3136,211.71,29.01,40.71,0
564,true,false,true,true,true,true,false,false,true,40,9,3580,491.45,26.05,79.43,0
565,true,false,true,true,false,false,false,true,false,20,5,3484,287.59,27.10,49.36,0
566,true,false,true,true,false,false,false,false,false,40,9,3484,445.22,26.13,73.32,0
567,true,true,true,false,true,false,false,true,true,20,5,3052,278.37,27.73,48.15,0
568,true,true,true,false,true,false,false,false,true,40,9,3056,434.42,26.09,71.39,0
569,true,false,true,true,false,false,false,true,false,20,9,3480,398.92,25.78,64.67,0
57,true,true,true,false,true,false,true,true,false,20,1,4192,221.44,29.55,40.94,0
570,true,true,true,false,true,false,false,false,true,40,5,3060,307.97,26.48,53.19,0
571,true,true,true,false,true,false,false,true,true,20,1,3072,196.85,28.37,38.30,0
572,true,false,true,true,true,true,false,false,true,40,1,3604,207.90,28.33,39.92,0
573,true,false,true,false,true,true,false,true,false,60,9,3120,438.85,25.67,70.55,0
574,true,true,true,true,false,false,true,false,false,60,1,4744,217.64,29.27,40.08,0
575,true,true,true,true,true,true,true,true,true,20,9,4828,444.65,26.02,69.74,0
576,true,true,true,true,false,false,true,true,false,40,9,4720,414.20,25.63,66.83,0
577,true,true,true,true,true,true,true,false,true,40,9,4800,502.93,26.03,80.51,0
578,true,true,true,true,true,true,true,true,true,20,5,4836,319.21,26.54,52.61,0
579,true,true,true,true,true,true,true,false,true,40,5,4808,348.67,26.03,58.37,0
58,true,false,true,true,true,true,true,false,true,60,1,4892,237.40,28.87,42.77,0
580,true,true,true,true,false,false,true,true,false,40,1,4744,217.21,29.32,40.16,0
581,true,true,true,true,true,true,true,true,true,20,1,4844,222.69,28.78,41.42,0
582,true,true,true,true,false,false,true,false,false,60,5,4696,331.10,25.30,55.70,0
583,true,true,true,true,false,false,true,true,false,40,5,4724,301.55,26.06,50.93,0
584,true,true,true,true,true,true,true,false,true,40,1,4844,218.71,29.45,40.48,0
585,true,true,true,true,false,false,true,false,false,60,9,4688,468.12,26.47,77.12,0
586,true,false,true,true,false,true,true,false,false,20,5,4768,363.32,26.00,60.79,0
587,true,true,true,false,false,true,true,false,false,40,1,4148,223.90,29.45,41.15,0
588,true,true,true,false,false,false,false,true,false,20,9,2984,391.15,25.59,63.43,0
589,true,false,true,false,true,false,true,true,false,20,5,4184,318.62,25.67,52.90,0
59,true,true,true,false,true,false,false,true,true,60,9,3076,394.32,25.83,64.20,0
590,true,true,true,false,false,true,true,false,false,40,5,4108,355.56,26.40,59.56,0
591,true,false,true,true,false,true,true,false,false,20,9,4756,520.07,26.45,83.37,0
592,true,true,true,true,true,false,true,false,true,20,9,4788,476.91,26.10,77.60,0
593,true,false,true,false,true,false,true,true,false,20,9,4184,430.24,25.68,69.38,0
594,true,true,true,false,false,true,true,false,false,40,9,4104,499.59,26.40,80.31,0
595,true,true,true,true,false,false,true,true,true,40,5,4780,301.57,26.09,50.94,0
596,true,true,true,true,false,false,true,true,true,40,9,4776,414.53,25.69,66.72,0
597,true,false,true,true,false,false,true,false,false,40,9,4740,485.76,25.72,79.01,0
598,true,false,true,false,true,true,false,true,true,60,1,3160,215.69,28.71,41.01,0
599,true,false,true,true,false,false,true,false,false,40,1,4784,237.36,28.66,42.33,0
6,true,false,true,false,true,true,false,false,false,20,1,3104,214.54,28.86,40.26,0
60,true,true,true,true,false,true,false,false,true,60,5,3500,330.48,26.36,55.97,0
600,true,true,true,true,true,false,true,false,true,20,5,4800,338.11,26.15,57.32,0
601,true,false,true,true,false,false,true,false,false,40,5,4748,348.72,25.84,58.98,0
602,true,true,true,true,true,false,true,false,true,20,1,4840,219.99,29.45,40.59,0
603,true,false,true,false,true,true,false,true,true,40,5,3144,314.89,26.46,52.61,0
604,true,false,true,false,true,true,false,true,true,40,1,3156,217.34,28.38,40.70,0
605,true,true,true,true,false,true,true,true,true,20,1,4796,222.15,28.47,40.39,0
606,true,true,true,true,false,true,true,true,true,20,5,4792,323.24,26.46,53.45,0
607,true,false,true,false,true,true,false,true,true,40,9,3144,450.62,26.31,71.46,0
608,true,true,true,true,false,false,true,true,true,60,1,4788,220.78,29.55,40.68,0
609,true,true,true,true,true,true,true,false,true,20,9,4800,512.89,26.72,82.84,0
61,true,true,true,true,false,true,true,false,false,20,5,4708,351.54,26.14,58.52,0
610,true,true,true,true,false,true,true,true,true,20,9,4784,453.90,26.11,71.02,0
611,true,true,true,false,false,false,true,false,false,60,1,4144,225.06,29.35,40.89,0
612,true,true,true,true,false,false,true,true,true,60,5,4780,304.09,26.54,51.29,0
613,true,true,true,true,true,true,true,false,true,20,5,4808,352.36,26.21,58.83,0
614,true,true,true,false,false,false,false,true,false,40,1,3032,198.23,28.68,39.13,0
615,true,false,true,false,true,false,true,true,false,40,1,4200,240.24,28.86,42.96,0
616,true,true,true,true,true,true,true,false,true,20,1,4844,222.13,29.44,40.67,0
617,true,true,true,false,false,false,false,true,false,40,5,3008,278.55,27.76,48.89,0
618,true,true,true,false,false,false,true,false,false,60,9,4096,479.15,26.17,78.21,0
619,true,false,true,false,true,false,true,true,false,40,5,4184,320.35,26.42,53.98,0
62,true,false,true,false,true,true,false,false,false,40,9,3104,504.78,26.53,82.10,0
620,true,false,true,true,false,true,true,false,false,40,1,4796,241.10,29.57,43.00,0
621,true,true,true,false,false,false,true,false,false,60,5,4100,339.44,26.14,57.38,0
622,true,true,true,false,false,false,false,true,false,40,9,3008,399.42,25.69,65.05,0
623,true,false,true,true,false,false,false,false,true,60,9,3516,455.85,26.28,75.25,0
624,true,true,true,false,false,true,true,false,false,60,5,4108,353.54,26.11,59.10,0
625,true,false,true,true,false,false,false,false,true,60,5,3524,323.72,26.34,55.61,0
626,true,true,true,false,false,true,true,false,false,60,9,4104,507.11,26.74,81.37,0
627,true,true,true,true,false,false,true,true,true,20,5,4780,308.16,26.01,52.01,0
628,true,true,true,true,false,false,true,true,true,20,9,4776,419.34,26.14,68.13,0
629,true,false,true,true,false,true,false,false,true,40,9,3536,468.68,25.85,73.04,0
63,true,true,true,false,true,false,true,true,false,20,5,4164,297.03,26.40,47.87,0
630,true,false,true,true,false,false,true,false,false,20,5,4748,333.70,25.50,54.50,0
631,true,false,true,false,true,true,true,true,false,20,5,4196,321.12,25.54,50.57,0
632,true,true,true,false,false,true,false,true,false,20,9,3004,419.72,25.33,62.88,0
633,true,false,true,false,true,true,true,true,false,20,9,4196,447.85,25.80,66.72,0
634,true,false,true,true,false,false,true,false,false,20,9,4740,461.15,25.60,73.15,0
635,true,false,true,true,false,false,false,false,true,60,1,3548,193.71,27.31,37.06,0
636,true,true,true,false,false,true,false,true,false,20,1,3020,188.98,27.43,35.97,0
637,true,false,true,true,false,false,true,false,false,20,1,4784,227.48,27.69,39.08,0
638,true,false,true,false,true,true,true,true,false,20,1,4212,234.39,28.49,40.77,0
639,true,true,true,false,false,true,false,true,false,20,5,3004,292.27,25.94,46.68,0
64,true,true,true,false,true,false,false,true,true,60,5,3080,270.13,27.11,45.47,0
640,true,true,true,false,false,true,true,false,false,60,1,4148,213.91,28.56,38.24,0
641,true,false,true,false,true,true,false,true,true,60,9,3148,434.12,25.60,66.41,0
642,true,false,true,false,true,true,false,true,true,60,5,3148,305.57,26.21,49.31,0
643,true,true,true,true,false,true,true,true,true,40,1,4796,211.38,28.22,37.72,0
644,true,true,true,true,false,true,true,true,true,40,5,4792,307.24,25.73,48.60,0
645,true,true,true,true,false,true,true,true,true,40,9,4784,434.22,25.77,64.60,0
646,true,false,true,true,false,true,false,false,true,60,9,3540,471.18,25.74,73.63,0
647,true,true,true,false,false,false,true,false,false,40,1,4144,215.43,28.78,38.40,0
648,true,false,true,false,true,false,false,true,true,60,9,3128,389.27,25.17,60.01,0
649,true,false,true,true,false,true,false,false,true,60,5,3548,327.71,26.02,53.66,0
65,true,true,true,true,false,true,false,false,true,60,1,3520,179.90,27.31,36.15,0
650,true,false,true,false,true,false,false,true,true,60,5,3128,283.63,26.97,46.83,0
651,true,true,true,true,false,false,true,true,true,40,1,4788,207.23,28.53,37.53,0
652,true,false,true,true,false,true,false,false,true,60,1,3564,196.55,27.25,37.34,0
653,true,true,true,false,false,false,true,false,false,40,9,4096,448.52,25.41,70.88,0
654,true,true,true,false,false,false,false,true,false,20,1,3004,185.77,27.59,35.64,0
655,true,false,true,false,true,false,false,true,true,60,1,3140,198.76,27.77,37.75,0
656,true,false,true,true,false,true,true,false,false,20,1,4796,227.40,28.25,39.53,0
657,true,true,true,false,false,false,false,true,false,20,5,2984,270.19,26.78,44.68,0
658,true,true,true,false,false,false,true,false,false,40,5,4100,320.33,25.53,52.80,0
659,true,false,true,false,true,false,true,true,false,20,1,4200,231.25,28.06,39.65,0
66,true,true,true,true,false,true,true,false,false,20,9,4696,474.39,25.68,73.39,0
660,true,true,true,true,true,true,false,true,false,40,1,3540,182.05,27.67,35.95,0
661,true,false,true,true,false,true,true,false,false,60,9,4756,491.02,25.61,76.27,0
662,true,false,true,false,true,false,true,true,false,60,9,4184,420.93,25.48,63.73,0
663,true,false,true,true,false,false,false,false,true,40,9,3512,427.81,25.49,67.99,0
664,true,false,true,true,true,false,false,false,false,20,9,3500,435.00,25.50,68.15,0
665,true,false,true,true,false,false,false,false,true,40,5,3520,308.54,26.19,50.83,0
666,true,true,true,true,true,true,false,true,false,40,9,3520,420.02,25.54,63.29,0
667,true,false,true,true,true,false,false,false,false,20,5,3508,309.37,26.83,51.16,0
668,true,false,true,false,true,true,true,false,true,40,9,4224,506.88,25.87,78.23,0
669,true,false,true,true,true,false,false,false,false,20,1,3536,198.59,27.78,36.87,0
67,true,false,true,false,true,false,false,false,false,40,5,3092,311.58,26.01,52.65,0
670,true,true,true,true,true,true,false,true,false,40,5,3532,292.99,26.05,47.35,0
671,true,false,true,false,true,true,true,false,true,40,5,4232,355.62,25.65,57.31,0
672,true,true,true,false,false,true,false,false,true,40,9,3028,462.89,25.74,71.58,0
673,true,false,true,false,true,true,true,false,true,40,1,4252,235.31,28.29,40.46,0
674,true,true,true,true,true,false,true,false,true,60,1,4840,208.68,28.72,37.70,0
675,true,true,true,false,false,true,false,false,true,40,5,3032,318.92,25.66,51.93,0
676,true,true,true,false,false,true,false,false,true,40,1,3064,191.54,28.09,36.87,0
677,true,false,true,true,false,false,false,false,true,40,1,3544,198.81,27.84,37.24,0
678,true,true,true,true,true,false,true,false,true,60,9,4788,455.83,25.52,71.54,0
679,true,true,true,true,true,false,false,true,true,20,9,3504,379.49,25.65,58.41,0
68,true,true,true,false,true,false,true,true,false,20,9,4164,410.05,25.38,62.39,0
680,true,true,true,true,true,false,true,false,true,60,5,4800,325.23,25.63,52.95,0
681,true,true,true,true,true,true,true,false,false,60,9,4740,489.27,25.99,75.47,0
682,true,true,true,true,true,false,false,true,true,40,5,3536,271.61,27.14,45.58,0
683,true,true,true,true,true,true,true,false,false,60,5,4748,336.89,25.68,54.33,0
684,true,true,true,true,true,false,false,true,true,40,1,3556,183.01,27.53,35.79,0
685,true,true,true,true,false,true,true,true,true,60,1,4796,212.70,28.64,37.92,0
686,true,true,true,false,true,true,false,false,false,40,1,3088,190.49,27.62,36.65,0
687,true,true,true,true,true,true,true,false,false,60,1,4800,212.71,28.32,37.95,0
688,true,true,true,true,false,true,true,true,true,60,5,4792,312.46,26.00,49.25,0
689,true,true,true,true,false,true,true,true,true,60,9,4784,439.04,25.82,65.33,0
69,true,true,true,false,false,false,true,true,true,60,9,4164,412.13,25.54,62.74,0
690,true,true,true,false,true,true,false,false,false,40,9,3052,465.83,25.72,72.56,0
691,true,true,true,false,true,true,false,false,false,40,5,3052,324.55,26.12,52.96,0
692,true,true,true,true,false,false,true,true,true,20,1,4788,213.50,28.33,37.87,0
693,true,false,true,true,false,true,false,true,false,20,9,3504,435.50,25.65,65.11,0
694,true,false,true,true,false,true,false,true,false,20,5,3508,305.76,26.00,48.64,0
695,true,false,true,true,false,true,false,true,false,20,1,3504,199.58,28.05,37.16,0
696,true,false,true,true,false,false,false,false,true,20,5,3496,307.58,25.75,50.95,0
697,true,false,true,false,true,false,true,true,false,40,9,4184,424.91,25.53,64.51,0
698,true,true,true,true,true,true,false,true,false,60,1,3544,182.96,27.11,36.34,0
699,true,true,true,false,false,true,true,false,false,20,1,4148,217.87,28.58,38.44,0
7,true,true,true,false,true,false,false,true,true,40,9,3076,386.53,24.99,59.39,0
70,true,false,true,false,true,false,false,false,false,40,1,3120,202.18,27.90,37.85,0
700,true,false,true,true,false,true,true,false,false,40,5,4768,354.89,25.79,58.12,0
701,true,false,true,true,false,false,false,false,true,20,1,3516,198.77,27.49,36.83,0
702,true,true,true,true,true,false,true,false,true,40,9,4788,458.00,25.61,71.93,0
703,true,true,true,false,false,true,true,false,false,20,5,4108,341.29,25.83,55.02,0
704,true,false,true,true,false,true,true,false,false,40,9,4756,503.09,25.89,78.03,0
705,true,false,true,false,true,true,true,false,true,60,9,4224,512.10,26.19,79.59,0
706,true,true,true,false,false,true,true,false,false,20,9,4104,485.87,25.82,75.05,0
707,true,true,true,true,true,true,false,true,false,60,9,3524,427.91,25.31,64.92,0
708,true,false,true,false,true,true,true,false,true,60,5,4232,362.46,25.79,58.21,0
709,true,false,true,true,false,false,false,false,true,20,9,3484,433.81,25.83,68.40,0
71,true,false,true,false,false,true,true,false,false,40,1,4180,233.78,28.31,40.30,0
710,true,true,true,false,false,true,false,false,true,60,9,3028,462.39,25.96,72.16,0
711,true,true,true,true,true,true,false,true,false,60,5,3536,295.57,26.94,48.49,0
712,true,false,true,false,true,true,true,false,true,60,1,4252,238.31,28.18,40.43,0
713,true,true,true,false,false,true,false,false,true,60,5,3036,323.31,25.73,52.66,0
714,true,true,true,false,false,true,false,false,true,60,1,3068,191.31,27.89,37.15,0
715,true,true,true,true,true,false,true,false,true,40,5,4800,327.37,25.68,53.22,0
716,true,true,true,true,true,false,true,false,true,40,1,4840,213.03,28.45,37.91,0
717,true,true,true,true,true,false,false,true,true,20,5,3512,270.80,26.73,44.58,0
718,true,false,true,false,true,true,false,true,true,20,5,3120,310.03,25.96,48.94,0
719,true,false,true,true,false,true,false,true,false,40,1,3532,200.87,27.21,37.60,0
72,true,false,true,true,true,false,true,false,true,60,9,4840,478.70,25.62,75.03,0
720,true,true,true,true,true,false,false,true,true,20,1,3524,182.16,27.45,35.51,0
721,true,false,true,false,true,true,false,true,true,20,1,3128,206.33,27.95,37.79,0
722,true,true,true,false,true,true,false,false,false,20,1,3068,191.77,27.56,36.30,0
723,true,false,true,false,true,true,false,true,true,20,9,3116,443.90,25.81,66.13,0
724,true,true,true,false,true,true,false,false,false,20,9,3024,471.97,26.07,72.66,0
725,true,true,true,false,false,false,false,true,false,60,1,3036,187.72,27.82,37.11,0
726,true,true,true,false,true,true,false,false,false,20,5,3028,323.22,26.08,52.45,0
727,true,false,true,true,false,true,true,false,false,60,1,4796,230.61,28.45,39.98,0
728,true,true,true,false,false,false,false,true,false,60,5,3016,279.23,27.17,46.66,0
729,true,false,true,true,false,true,false,true,false,40,9,3528,440.84,25.91,66.40,0
73,true,true,true,false,true,true,true,false,true,20,9,4192,494.65,26.01,76.39,0
730,true,false,true,false,true,false,true,true,false,60,1,4200,242.54,28.90,41.84,0
731,true,false,true,true,false,true,true,false,false,60,5,4768,352.93,25.60,57.25,0
732,true,true,true,false,false,false,false,true,false,60,9,3012,390.76,25.58,60.44,0
733,true,false,true,true,false,true,false,true,false,40,5,3536,303.71,26.18,49.04,0
734,true,false,true,false,true,false,true,true,false,60,5,4184,314.42,25.67,49.93,0
735,true,false,true,false,false,false,true,true,true,40,1,4204,236.70,28.49,40.39,0
736,true,true,true,false,false,false,false,false,true,20,1,3024,189.86,27.66,35.95,0
737,true,false,true,false,false,false,true,true,true,40,5,4196,314.56,25.79,49.89,0
738,true,true,true,false,false,false,false,false,true,20,5,2988,302.19,25.59,49.48,0
739,true,false,true,true,true,false,false,false,false,60,9,3528,442.19,25.87,70.18,0
74,true,false,true,false,false,true,true,false,false,40,5,4144,358.14,25.88,57.92,0
740,true,true,true,false,false,false,false,false,true,20,9,2984,430.39,25.82,67.33,0
741,true,false,true,true,true,false,false,false,false,60,5,3536,313.35,26.17,52.44,0
742,true,false,true,true,true,false,false,false,false,60,1,3564,198.28,27.76,37.95,0
743,true,true,true,true,true,false,true,false,false,40,5,4744,328.86,25.73,53.61,0
744,true,true,true,true,true,false,true,true,false,20,1,4792,213.82,28.52,38.05,0
745,true,true,true,true,true,false,true,false,false,40,9,4728,459.81,25.69,72.62,0
746,true,true,true,true,true,false,true,true,false,20,5,4768,299.84,25.76,48.06,0
747,true,false,true,false,false,true,true,true,true,20,1,4216,237.07,28.01,40.51,0
748,true,false,true,false,false,true,true,true,true,20,5,4204,333.10,26.19,52.02,0
749,true,true,true,true,true,false,true,true,false,20,9,4760,417.06,25.36,63.52,0
75,true,false,true,false,false,true,false,true,false,20,9,3064,446.53,25.79,66.95,0
750,true,false,true,false,false,true,true,true,true,20,9,4200,466.56,26.08,69.35,0
751,true,true,true,false,false,false,true,false,true,20,5,4144,336.52,25.82,54.73,0
752,true,true,true,false,false,false,true,false,true,20,9,4136,465.54,25.72,73.17,0
753,true,true,true,true,true,false,true,false,false,60,1,4792,214.48,28.59,38.28,0
754,true,true,true,false,false,false,true,false,true,20,1,4184,218.76,28.38,38.63,0
755,true,true,true,true,true,false,true,false,false,60,5,4744,331.75,25.76,54.04,0
756,true,true,true,true,true,false,true,true,false,40,1,4792,211.01,28.95,38.15,0
757,true,false,true,false,false,false,true,true,true,20,9,4188,430.39,26.11,65.35,0
758,true,false,true,false,false,false,true,true,true,60,5,4196,316.97,25.97,50.55,0
759,true,false,true,false,true,true,true,false,true,20,9,4224,517.05,26.27,80.27,0
76,true,true,true,false,false,false,true,true,true,60,1,4184,222.88,29.05,39.27,0
760,true,false,true,true,true,false,false,false,false,40,9,3528,450.34,26.36,71.49,0
761,true,false,true,false,false,false,true,true,true,60,9,4188,439.83,25.67,66.51,0
762,true,false,true,false,true,true,true,false,true,20,5,4232,366.68,25.75,58.79,0
763,true,false,true,true,true,false,false,false,false,40,5,3532,315.74,26.47,52.35,0
764,true,false,true,false,true,true,true,false,true,20,1,4252,239.59,28.26,40.90,0
765,true,false,true,true,true,false,false,false,false,40,1,3564,198.95,28.16,37.61,0
766,true,false,true,false,false,false,true,true,true,60,1,4204,235.55,28.34,40.60,0
767,true,false,true,false,false,true,true,true,true,40,1,4216,238.18,28.78,40.66,0
768,true,true,true,true,true,false,true,false,false,20,5,4744,330.19,25.83,54.00,0
769,true,false,true,false,false,true,true,true,true,40,5,4204,332.35,25.79,51.86,0
77,true,false,true,false,false,true,true,false,false,40,9,4144,508.40,25.96,79.42,0
770,true,true,true,true,true,false,true,false,false,20,9,4728,461.30,25.70,72.91,0
771,true,false,true,false,false,true,true,true,true,40,9,4200,466.16,26.08,68.72,0
772,true,false,true,false,false,false,false,false,false,20,1,3056,206.63,27.99,37.90,0
773,true,true,true,true,true,false,false,true,true,40,9,3532,391.27,25.58,60.10,0
774,true,true,true,true,true,false,false,true,true,60,9,3536,387.24,25.94,60.15,0
775,true,false,true,false,false,false,false,false,false,20,5,3028,316.68,26.15,52.15,0
776,true,true,true,true,true,false,false,true,true,60,5,3540,271.23,27.38,45.94,0
777,true,false,true,false,false,false,false,false,false,20,9,3028,448.53,26.07,70.94,0
778,true,true,true,true,true,false,false,true,true,60,1,3560,183.01,27.55,36.45,0
779,true,true,true,true,true,false,false,true,false,20,9,3476,388.15,25.85,59.68,0
78,true,true,true,false,true,true,true,false,true,20,5,4196,349.41,25.79,55.96,0
780,true,true,true,true,true,false,false,true,false,20,5,3480,276.46,26.88,45.51,0
781,true,true,true,true,true,false,true,false,false,40,1,4792,214.71,28.97,38.32,0
782,true,true,true,true,true,false,false,true,false,20,1,3500,184.97,27.24,35.48,0
783,true,false,true,false,false,false,true,true,true,40,9,4188,430.46,25.77,65.13,0
784,true,true,true,false,false,false,false,true,true,40,1,3048,189.69,27.83,36.58,0
785,true,true,true,false,false,false,false,false,true,60,5,3016,302.75,26.02,50.54,0
786,true,true,true,false,false,false,false,false,true,60,9,3016,436.56,25.97,68.95,0
787,true,true,true,false,false,false,false,true,true,40,5,3032,281.81,27.11,46.30,0
788,true,true,true,false,false,false,false,true,true,40,9,3032,395.26,25.41,60.66,0
789,true,false,true,true,false,true,true,false,true,40,5,4820,358.74,25.89,57.97,0
79,true,true,true,false,false,false,true,true,true,60,5,4164,304.65,26.09,48.81,0
790,true,false,true,true,false,true,false,false,true,20,9,3512,487.00,26.17,74.75,0
791,true,false,true,true,false,true,true,false,true,40,1,4848,239.81,29.27,42.06,0
792,true,false,true,false,false,true,true,true,true,60,1,4216,238.22,28.36,40.63,0
793,true,true,true,false,false,true,false,true,false,40,9,3024,435.80,25.70,65.51,0
794,true,true,true,true,true,false,true,true,false,60,5,4768,303.05,26.29,48.43,0
795,true,false,true,true,false,true,true,false,true,40,9,4816,515.53,26.10,79.21,0
796,true,false,true,false,false,true,true,true,true,60,5,4204,335.26,26.32,52.67,0
797,true,true,true,true,true,false,true,true,false,60,9,4760,419.38,25.39,64.08,0
798,true,false,true,false,false,true,true,true,true,60,9,4200,462.09,26.10,68.69,0
799,true,true,true,false,false,true,false,true,false,40,1,3040,190.75,28.30,37.23,0
8,true,false,true,true,true,true,true,false,true,40,5,4864,361.10,25.92,58.24,0
80,true,true,true,false,true,true,true,false,true,20,1,4240,225.11,28.34,39.26,0
800,true,true,true,false,false,true,false,false,false,60,5,3012,325.74,25.89,53.33,0
801,true,true,true,false,false,true,false,false,false,60,9,3008,471.51,26.04,73.89,0
802,true,true,true,false,false,true,false,true,false,40,5,3024,306.62,26.65,49.36,0
803,true,false,true,true,true,false,true,true,true,60,9,4864,431.90,25.80,65.34,0
804,true,true,true,false,false,false,true,false,true,60,9,4136,472.72,25.87,73.80,0
805,true,false,true,true,true,false,true,true,true,60,5,4872,319.57,25.87,50.80,0
806,true,true,true,false,false,true,false,true,false,60,1,3044,195.22,27.83,37.34,0
807,true,true,true,false,false,false,true,false,false,20,9,4096,473.22,25.79,73.91,0
808,true,true,true,false,false,false,true,false,true,60,1,4184,220.53,28.24,38.85,0
809,true,true,true,true,true,false,false,true,false,40,9,3504,393.39,25.75,60.47,0
81,true,true,true,false,false,true,true,true,true,60,5,4172,322.89,25.90,50.69,0
810,true,true,true,false,false,false,true,false,true,60,5,4144,335.59,25.78,54.72,0
811,true,true,true,true,true,false,false,true,false,40,5,3508,279.58,26.57,46.07,0
812,true,true,true,true,true,false,false,true,false,40,1,3528,186.64,27.83,36.65,0
813,true,false,true,true,false,true,false,false,true,40,5,3544,339.10,26.14,54.75,0
814,true,false,true,true,false,true,false,true,true,20,1,3532,203.03,27.79,37.60,0
815,true,false,true,true,false,true,false,false,true,40,1,3560,202.89,28.10,37.94,0
816,true,false,true,true,true,false,true,true,true,60,1,4880,231.98,28.53,40.02,0
817,true,true,true,false,false,false,true,false,false,20,5,4100,332.83,25.56,54.07,0
818,true,true,true,false,false,false,false,false,true,60,1,3052,189.91,28.00,37.24,0
819,true,true,true,false,false,false,true,false,false,20,1,4144,221.87,28.69,38.93,0
82,true,true,true,true,false,false,true,false,false,20,9,4688,469.74,25.80,73.77,0
820,true,false,true,false,false,false,true,true,true,20,1,4204,237.40,28.53,40.63,0
821,true,true,true,false,false,false,false,false,true,40,1,3048,189.73,27.90,36.54,0
822,true,true,true,false,false,false,false,true,true,20,1,3024,198.75,27.70,37.38,0
823,true,false,true,false,false,false,true,true,true,20,5,4196,318.78,26.02,50.46,0
824,true,true,true,false,false,false,false,false,true,40,5,3012,307.56,26.31,50.60,0
825,true,true,true,false,false,false,false,true,true,20,5,3004,279.85,27.72,46.46,0
826,true,true,true,false,false,false,false,false,true,40,9,3012,436.83,25.90,68.69,0
827,true,false,true,true,false,true,true,false,true,20,5,4820,365.32,26.19,58.58,0
828,true,true,true,false,false,false,false,true,true,20,9,3004,397.33,26.01,60.73,0
829,true,false,true,true,false,true,true,false,true,20,1,4848,236.63,28.76,40.64,0
83,true,false,true,false,false,true,false,true,false,20,1,3072,207.57,28.38,38.01,0
830,true,true,true,true,true,false,true,false,false,60,9,4728,471.64,25.88,73.90,0
831,true,true,true,true,true,false,true,true,false,40,5,4768,302.45,26.08,48.64,0
832,true,true,true,true,true,false,true,true,false,40,9,4760,422.57,25.61,64.30,0
833,true,false,true,true,false,true,true,false,true,20,9,4816,514.87,26.21,79.46,0
834,true,true,true,false,false,true,false,true,false,60,5,3028,305.48,26.71,49.40,0
835,true,true,true,false,false,true,false,true,false,60,9,3028,435.40,26.10,66.21,0
836,true,true,true,false,false,false,true,false,true,40,9,4136,470.07,25.89,73.80,0
837,true,false,true,false,false,true,true,true,false,60,1,4180,240.77,28.97,41.17,0
838,true,false,true,false,false,true,true,true,false,60,5,4160,333.78,26.16,52.43,0
839,true,true,true,false,false,false,true,false,true,40,1,4184,222.21,28.70,39.32,0
84,true,true,true,true,false,false,false,false,true,60,1,3512,182.85,28.02,36.55,0
840,true,false,true,false,false,true,true,true,false,60,9,4160,467.37,26.01,69.48,0
841,true,true,true,true,true,false,false,true,false,60,9,3508,397.29,26.29,61.84,0
842,true,true,true,false,false,false,true,false,true,40,5,4144,339.09,25.91,54.92,0
843,true,true,true,true,true,false,true,true,false,60,1,4792,217.85,28.82,38.78,0
844,true,false,true,true,false,true,false,false,true,20,5,3516,339.14,26.11,54.54,0
845,true,true,true,true,true,false,false,true,false,60,5,3512,282.07,27.26,47.32,0
846,true,false,true,true,false,true,false,false,true,20,1,3532,205.76,28.57,37.90,0
847,true,true,true,true,true,false,false,true,false,60,1,3532,187.28,27.73,36.92,0
848,true,false,true,true,true,false,false,false,true,40,5,3560,317.39,26.00,52.47,0
849,true,false,true,false,false,false,true,true,false,60,9,4148,440.96,26.01,66.78,0
85,true,true,true,false,false,true,true,true,true,60,9,4168,464.52,26.27,68.49,0
850,true,false,true,true,true,false,false,false,true,40,9,3556,458.93,26.19,71.99,0
851,true,true,true,false,true,true,false,false,true,40,9,3076,488.25,26.42,75.81,0
852,true,true,true,false,false,true,false,true,true,60,9,3052,448.58,26.17,67.58,0
853,true,false,true,false,true,true,true,true,true,60,9,4240,473.99,26.31,69.95,0
854,true,false,true,true,false,true,false,true,true,40,9,3560,456.06,26.54,68.30,0
855,true,false,true,false,true,true,true,true,true,60,5,4240,342.91,26.36,53.58,0
856,true,false,true,true,true,true,true,true,true,20,5,4884,339.72,26.35,53.10,0
857,true,true,true,false,false,true,false,true,true,60,1,3068,200.39,27.70,37.86,0
858,true,false,true,false,true,true,true,false,false,20,5,4184,362.79,26.09,59.06,0
859,true,false,true,true,false,false,true,true,false,20,5,4772,323.01,26.00,51.16,0
86,true,false,true,false,false,true,false,true,false,20,5,3060,322.29,26.28,50.84,0
860,true,true,true,false,false,true,false,false,false,20,9,2984,478.41,26.02,73.58,0
861,true,false,true,false,true,true,true,true,true,60,1,4252,241.04,28.95,41.38,0
862,true,false,true,true,true,true,true,true,true,20,1,4892,237.42,27.70,40.41,0
863,true,true,true,false,false,true,false,true,true,60,5,3052,300.57,27.87,49.07,0
864,true,false,true,false,true,true,true,false,false,20,9,4184,516.84,26.32,80.72,0
865,true,false,true,true,false,false,true,true,false,20,9,4768,436.56,26.02,66.06,0
866,true,true,true,false,true,false,true,false,false,20,1,4192,223.20,28.39,39.09,0
867,true,false,true,false,false,false,true,true,false,60,5,4152,316.74,25.75,50.48,0
868,true,true,true,false,true,false,true,false,false,20,5,4144,333.81,25.73,54.58,0
869,true,true,true,false,false,true,false,false,false,20,1,3020,192.74,28.11,36.58,0
87,true,false,true,true,true,false,false,true,true,40,9,3580,408.59,25.92,62.31,0
870,true,false,true,false,false,false,true,true,false,60,1,4164,237.00,28.76,40.84,0
871,true,false,true,false,true,true,true,false,false,20,1,4212,240.57,28.09,40.78,0
872,true,false,true,true,false,false,true,true,false,20,1,4784,232.33,28.66,40.31,0
873,true,true,true,false,false,true,false,false,false,20,5,2988,353.23,27.03,59.24,0
874,true,true,true,false,true,false,true,false,false,20,9,4144,512.18,27.62,83.71,0
875,true,true,true,false,true,false,true,true,true,40,1,4232,240.23,30.32,43.65,0
876,true,true,true,true,false,true,true,false,true,40,1,4796,236.68,30.11,42.53,0
877,true,true,true,true,false,false,false,true,true,20,9,3460,410.25,26.11,65.39,0
878,true,true,true,false,true,false,true,true,true,40,5,4208,305.23,26.22,49.18,0
879,true,true,true,true,false,false,false,true,true,20,5,3464,278.02,27.84,45.89,0
88,true,true,true,true,false,false,true,false,false,20,1,4744,215.73,28.37,38.46,0
880,true,true,true,false,false,true,false,false,false,40,1,3040,190.44,27.99,37.22,0
881,true,false,true,false,false,true,true,true,false,40,1,4180,240.97,28.31,41.00,0
882,true,true,true,false,true,false,true,true,true,40,9,4208,430.66,26.53,65.21,0
883,true,true,true,true,false,true,true,false,true,40,9,4756,499.33,26.30,76.89,0
884,true,false,true,false,false,true,true,true,false,40,5,4160,335.19,26.09,52.60,0
885,true,false,true,true,true,true,true,true,true,20,9,4876,475.79,25.55,70.30,0
886,true,true,true,true,false,true,true,false,true,40,5,4768,348.15,25.95,55.85,0
887,true,false,true,false,false,true,true,true,false,40,9,4160,463.73,26.20,69.16,0
888,true,false,true,true,false,true,false,true,true,60,5,3572,313.50,26.60,50.57,0
889,true,true,true,false,false,false,false,false,false,60,1,3036,190.46,28.26,37.51,0
89,true,false,true,true,true,false,true,false,true,60,5,4848,348.41,25.88,56.66,0
890,true,false,true,true,false,true,false,true,true,60,1,3564,204.76,27.93,38.46,0
891,true,true,true,false,false,false,false,false,false,60,5,2996,305.73,26.30,51.32,0
892,true,true,true,true,false,false,false,true,true,20,1,3480,185.16,28.35,36.06,0
893,true,true,true,false,false,false,false,false,false,60,9,2988,435.71,25.75,68.66,0
894,true,true,true,false,true,true,false,false,true,40,5,3076,330.93,26.33,53.70,0
895,true,false,true,true,true,false,false,false,true,40,1,3592,203.48,27.67,37.91,0
896,true,true,true,false,true,true,false,false,true,40,1,3112,195.26,27.78,37.24,0
897,true,false,true,true,true,false,false,false,true,60,9,3560,453.95,25.73,71.39,0
898,true,true,true,false,false,false,false,true,true,60,1,3052,192.03,28.01,37.45,0
899,true,true,true,false,true,true,false,false,true,20,9,3048,479.73,26.05,73.45,0
9,true,false,true,true,false,true,true,true,true,60,9,4840,468.31,26.34,69.35,0
90,true,true,true,true,false,false,false,false,true,60,9,3464,432.07,26.03,68.28,0
900,true,true,true,false,false,false,false,true,true,60,5,3032,281.95,27.39,46.90,0
901,true,false,true,true,false,true,false,true,true,20,9,3536,452.44,25.89,67.11,0
902,true,true,true,false,false,false,false,true,true,60,9,3032,395.52,25.95,61.26,0
903,true,true,true,true,false,false,false,false,false,20,1,3452,186.21,27.81,36.05,0
904,true,false,true,true,false,true,false,true,true,20,5,3540,310.09,26.68,49.39,0
905,true,false,true,false,true,true,true,false,false,40,9,4184,518.64,26.24,80.81,0
906,true,false,true,false,false,true,true,true,false,20,9,4160,471.39,26.25,69.97,0
907,true,false,true,true,true,true,true,true,true,40,5,4884,336.40,26.14,52.42,0
908,true,true,true,false,true,false,true,false,false,40,1,4192,227.07,28.52,39.44,0
909,true,false,true,true,true,true,true,true,true,40,1,4892,239.01,27.61,40.56,0
91,true,false,true,false,true,false,false,false,false,40,9,3088,452.10,26.06,72.20,0
910,true,false,true,false,true,true,true,false,false,40,1,4212,239.79,29.46,41.24,0
911,true,true,true,false,true,false,true,false,false,40,5,4144,340.00,25.96,56.00,0
912,true,true,true,false,false,true,false,false,false,40,5,3008,324.05,25.92,53.15,0
913,true,false,true,false,true,true,true,false,false,40,5,4184,365.50,26.12,59.00,0
914,true,true,true,false,false,true,false,false,false,40,9,3004,474.34,26.15,73.65,0
915,true,true,true,false,true,false,true,false,false,40,9,4144,467.09,25.77,73.43,0
916,true,false,true,false,true,false,false,true,false,20,1,3092,205.02,28.01,37.83,0
917,true,true,true,true,false,true,true,false,true,60,5,4768,347.00,26.06,55.77,0
918,true,true,true,false,true,false,true,true,true,60,1,4232,221.66,28.69,39.16,0
919,true,false,true,true,false,true,false,false,false,20,1,3504,203.93,28.06,37.51,0
92,true,false,true,true,true,false,false,true,true,40,5,3584,291.53,26.54,47.34,0
920,true,true,true,false,true,false,true,true,true,60,5,4208,306.75,25.84,49.00,0
921,true,true,true,true,false,true,true,false,true,60,1,4796,216.31,28.51,38.37,0
922,true,true,true,true,false,false,false,true,true,40,9,3488,390.20,25.80,60.01,0
923,true,true,true,false,false,true,false,false,false,60,1,3044,193.65,27.86,37.55,0
924,true,false,true,false,false,true,true,true,false,20,1,4180,240.99,27.53,40.60,0
925,true,true,true,false,true,false,true,true,true,60,9,4208,420.91,25.73,63.97,0
926,true,false,true,false,false,true,true,true,false,20,5,4160,332.31,25.73,52.17,0
927,true,true,true,true,false,true,true,false,true,60,9,4756,497.00,26.08,76.74,0
928,true,false,true,true,true,true,true,true,true,40,9,4876,461.82,26.24,68.76,0
929,true,false,true,true,false,true,false,true,true,40,5,3568,311.83,27.07,49.99,0
93,true,true,true,true,false,false,true,false,false,20,5,4696,330.21,25.75,53.67,0
930,true,true,true,true,false,false,false,false,false,20,5,3416,304.27,26.55,49.98,0
931,true,false,true,true,false,true,false,true,true,40,1,3560,206.72,27.96,38.22,0
932,true,true,true,false,false,false,false,false,false,40,1,3032,194.11,28.08,37.09,0
933,true,true,true,true,false,false,false,false,false,20,9,3412,435.40,26.08,68.29,0
934,true,false,true,false,true,false,false,true,false,20,9,3076,412.03,25.41,62.81,0
935,true,true,true,false,false,false,false,false,false,40,5,2992,306.63,26.18,50.91,0
936,true,true,true,false,true,true,false,false,true,20,5,3052,333.31,26.12,53.37,0
937,true,false,true,true,true,false,false,false,true,60,1,3596,202.56,28.38,38.51,0
938,true,true,true,true,false,false,false,true,true,40,5,3492,277.02,26.44,45.73,0
939,true,false,true,true,false,true,false,false,false,20,9,3480,490.83,26.09,75.98,0
94,true,false,true,true,true,false,true,false,true,60,1,4880,235.30,28.91,40.64,0
940,true,true,true,false,false,false,false,false,false,40,9,2988,435.46,25.91,68.57,0
941,true,true,true,false,true,true,false,false,true,20,1,3084,197.53,28.22,36.94,0
942,true,false,true,false,true,false,false,true,false,20,5,3080,300.42,26.70,49.38,0
943,true,false,true,true,true,false,false,false,true,60,5,3568,317.59,26.09,52.84,0
944,true,true,true,true,false,false,false,true,true,40,1,3508,188.63,27.77,36.39,0
945,true,false,true,true,false,true,false,false,false,20,5,3488,337.24,25.97,54.61,0
946,true,true,true,true,true,true,false,false,false,60,5,3512,324.34,26.50,53.62,0
947,true,false,true,false,false,false,true,true,false,20,9,4148,438.94,26.01,66.51,0
948,true,true,true,true,true,true,false,false,false,60,1,3544,190.40,28.06,37.49,0
949,true,false,true,false,false,false,true,true,false,20,5,4152,320.42,26.17,51.47,0
95,true,true,true,true,false,false,false,false,true,60,5,3476,303.16,26.14,50.50,0
950,true,true,true,true,true,false,true,true,true,40,9,4820,425.71,25.67,64.48,0
951,true,false,true,false,true,true,true,true,true,20,9,4240,467.53,26.34,69.80,0
952,true,true,true,false,false,true,false,true,true,20,5,3020,305.94,27.14,48.97,0
953,true,false,true,false,true,true,true,true,true,20,5,4240,335.49,26.14,52.54,0
954,true,true,true,false,false,true,false,true,true,20,9,3024,435.56,26.15,65.15,0
955,true,true,true,true,true,true,false,false,false,60,9,3500,470.67,26.06,74.19,0
956,true,false,true,false,true,true,true,true,true,20,1,4252,243.05,28.09,40.92,0
957,true,false,true,true,true,true,true,true,true,60,9,4876,465.89,25.51,69.07,0
958,true,true,true,false,true,false,true,false,false,60,1,4192,222.49,28.59,39.06,0
959,true,false,true,true,true,true,true,true,true,60,5,4884,328.17,26.09,51.48,0
96,true,false,true,false,false,false,true,false,false,40,9,4136,482.50,25.77,75.97,0
960,true,true,true,false,false,true,false,true,true,20,1,3036,196.62,27.85,36.73,0
961,true,true,true,false,true,false,true,false,false,60,5,4144,333.60,25.72,54.31,0
962,true,false,true,true,true,true,true,true,true,60,1,4892,235.19,27.80,40.12,0
963,true,false,true,false,false,false,true,true,false,20,1,4164,236.70,28.38,40.29,0
964,true,true,true,true,true,false,true,true,true,40,5,4824,298.71,25.83,47.81,0
965,true,true,true,false,true,false,true,false,false,60,9,4144,464.91,25.86,73.06,0
966,true,true,true,true,false,true,true,true,false,20,1,4748,218.56,28.08,38.36,0
967,true,true,true,true,true,false,true,true,true,40,1,4840,214.93,28.66,38.16,0
968,true,false,true,true,false,true,false,false,false,40,1,3532,198.65,27.82,37.56,0
969,true,true,true,true,false,true,true,true,false,20,5,4740,315.71,25.82,49.69,0
97,true,true,true,false,true,true,false,true,true,60,9,3092,435.97,25.57,65.52,0
970,true,false,true,false,true,false,false,true,false,40,5,3104,288.30,27.14,47.52,0
971,true,true,true,true,false,true,true,true,false,20,9,4732,451.97,25.19,67.20,0
972,true,false,true,false,true,false,false,true,false,40,1,3120,203.94,28.10,38.20,0
973,true,true,true,true,true,false,true,false,false,20,1,4792,218.33,28.06,38.18,0
974,true,true,true,false,true,true,false,true,false,20,5,3048,302.19,26.17,48.82,0
975,true,true,true,false,true,true,false,true,false,20,1,3068,194.10,27.69,36.57,0
976,true,false,true,true,false,true,false,false,false,40,9,3508,476.14,25.99,74.63,0
977,true,true,true,false,true,true,false,true,false,20,9,3048,436.56,25.20,65.72,0
978,true,false,true,true,false,true,false,false,false,40,5,3516,335.63,25.99,54.59,0
979,true,false,true,false,true,false,false,true,false,40,9,3104,403.82,26.17,62.21,0
98,true,true,true,false,false,true,true,true,true,40,1,4184,221.16,28.65,39.03,0
980,true,true,true,true,true,false,true,true,true,20,9,4820,414.39,25.69,63.02,0
981,true,false,true,false,false,false,true,true,false,40,9,4148,428.80,25.69,65.16,0
982,true,false,true,true,true,true,true,true,false,60,5,4824,332.55,25.96,51.81,0
983,true,false,true,true,true,false,false,false,true,20,5,3536,314.68,26.04,51.57,0
984,true,true,true,true,true,false,true,true,true,20,5,4824,300.14,25.86,48.03,0
985,true,false,true,false,true,true,true,true,true,40,9,4240,461.47,25.96,68.32,0
986,true,false,true,false,false,false,true,true,false,40,5,4152,317.38,25.73,50.43,0
987,true,false,true,true,true,true,true,true,false,60,1,4836,232.36,28.37,40.06,0
988,true,false,true,true,true,false,false,false,true,20,9,3528,443.30,25.75,69.33,0
989,true,false,true,false,true,true,true,true,true,40,5,4240,330.51,25.88,51.82,0
99,true,false,true,true,true,true,false,true,false,60,9,3576,441.73,25.65,66.82,0
990,true,true,true,false,false,true,false,true,true,40,5,3048,304.55,26.41,48.68,0
991,true,false,true,false,true,true,true,true,true,40,1,4252,241.62,28.35,40.76,0
992,true,true,true,false,false,true,false,true,true,40,9,3048,431.20,25.89,64.76,0
993,true,false,true,true,false,true,false,true,true,60,9,3564,447.67,25.26,67.31,0
994,true,true,true,false,false,true,false,true,true,40,1,3064,196.12,27.39,36.88,0
995,true,true,true,true,true,false,true,true,true,20,1,4840,214.25,28.03,37.96,0
996,true,true,true,true,false,true,true,true,false,40,1,4748,211.14,28.73,37.92,0
997,true,false,true,false,false,false,true,true,false,40,1,4164,234.38,28.24,39.98,0
998,true,true,true,true,false,true,true,true,false,40,5,4740,313.76,26.15,49.65,0
999,true,false,true,true,true,true,true,true,false,60,9,4820,458.83,25.76,68.33,0
